econ_id,econ_date,inflation_rate,cpi,fuel_price,unemployment_rate
1,2021-01-01,4.048,157.2,86.4,7.924
2,2021-01-02,4.11,157.29,86.61,7.939
3,2021-01-03,4.011,157.37,86.76,8.04
4,2021-01-04,4.041,157.25,86.75,7.951
5,2021-01-05,4.033,157.26,86.71,7.869
6,2021-01-06,4.039,157.31,86.8,7.88
7,2021-01-07,3.968,157.11,86.35,7.844
8,2021-01-08,4.052,157.18,86.46,7.871
9,2021-01-09,4.038,157.43,86.73,7.911
10,2021-01-10,4.037,157.26,86.67,7.939
11,2021-01-11,4.015,157.3,86.19,7.921
12,2021-01-12,4.098,157.27,86.96,7.866
13,2021-01-13,4.071,157.3,86.58,7.904
14,2021-01-14,4.065,157.38,86.88,7.91
15,2021-01-15,4.101,157.23,86.75,7.872
16,2021-01-16,4.115,157.52,86.58,7.8
17,2021-01-17,4.033,157.42,86.71,7.922
18,2021-01-18,4.11,157.35,86.84,7.956
19,2021-01-19,4.136,157.34,86.78,7.895
20,2021-01-20,4.03,157.47,86.64,7.95
21,2021-01-21,4.066,157.24,86.6,7.982
22,2021-01-22,4.088,157.13,86.56,7.999
23,2021-01-23,4.049,157.12,86.98,7.944
24,2021-01-24,4.056,157.26,86.82,7.883
25,2021-01-25,4.117,157.35,86.65,7.917
26,2021-01-26,4.051,157.4,86.43,7.829
27,2021-01-27,4.091,157.36,86.7,7.93
28,2021-01-28,4.044,157.38,86.59,7.886
29,2021-01-29,4.044,157.5,86.25,7.935
30,2021-01-30,3.976,157.29,86.51,7.806
31,2021-01-31,4.079,157.26,86.18,7.952
32,2021-02-01,5.102,158.25,88.87,6.892
33,2021-02-02,5.096,158.27,89.03,6.843
34,2021-02-03,5.04,158.14,88.44,6.913
35,2021-02-04,5.144,158.16,89.09,6.899
36,2021-02-05,5.026,158.14,88.64,6.842
37,2021-02-06,5.093,158.24,88.6,6.938
38,2021-02-07,5.026,158.13,88.89,6.94
39,2021-02-08,5.034,158.24,88.86,6.921
40,2021-02-09,4.988,158.32,88.89,6.926
41,2021-02-10,4.95,158.02,89.05,6.904
42,2021-02-11,4.934,158.2,88.69,6.961
43,2021-02-12,5.026,158.12,89.04,6.845
44,2021-02-13,4.98,158.08,88.97,6.823
45,2021-02-14,4.947,158.18,88.68,6.87
46,2021-02-15,4.937,158.03,88.8,6.937
47,2021-02-16,4.991,158.27,88.66,6.856
48,2021-02-17,5.107,158.12,88.69,6.882
49,2021-02-18,5.098,158.25,88.64,6.888
50,2021-02-19,5.035,158.0,88.79,6.89
51,2021-02-20,5.087,158.22,88.73,6.879
52,2021-02-21,5.063,158.04,88.92,6.886
53,2021-02-22,4.982,158.0,89.09,6.882
54,2021-02-23,5.112,158.05,88.86,7.01
55,2021-02-24,4.977,157.91,89.06,6.849
56,2021-02-25,5.029,158.04,88.85,6.842
57,2021-02-26,5.021,158.14,88.6,6.855
58,2021-02-27,5.013,157.96,88.72,6.896
59,2021-02-28,5.01,158.07,88.8,6.857
60,2021-03-01,5.555,159.54,90.31,6.524
61,2021-03-02,5.508,159.44,90.71,6.525
62,2021-03-03,5.431,159.45,90.65,6.489
63,2021-03-04,5.57,159.33,90.1,6.507
64,2021-03-05,5.432,159.38,90.66,6.405
65,2021-03-06,5.456,159.3,90.39,6.482
66,2021-03-07,5.59,159.5,90.5,6.507
67,2021-03-08,5.54,159.31,90.57,6.444
68,2021-03-09,5.562,159.52,90.44,6.491
69,2021-03-10,5.54,159.11,90.46,6.494
70,2021-03-11,5.517,159.47,90.39,6.443
71,2021-03-12,5.513,159.41,90.42,6.508
72,2021-03-13,5.572,159.29,90.44,6.564
73,2021-03-14,5.433,159.42,90.28,6.481
74,2021-03-15,5.475,159.38,90.77,6.437
75,2021-03-16,5.462,159.27,90.75,6.477
76,2021-03-17,5.519,159.36,90.21,6.488
77,2021-03-18,5.643,159.54,90.23,6.532
78,2021-03-19,5.478,159.22,90.6,6.558
79,2021-03-20,5.572,159.35,90.37,6.537
80,2021-03-21,5.54,159.36,90.08,6.506
81,2021-03-22,5.574,159.28,90.53,6.517
82,2021-03-23,5.558,159.49,90.26,6.419
83,2021-03-24,5.493,159.49,90.29,6.465
84,2021-03-25,5.429,159.58,90.57,6.538
85,2021-03-26,5.568,159.46,90.35,6.492
86,2021-03-27,5.499,159.66,90.51,6.477
87,2021-03-28,5.543,159.3,90.7,6.467
88,2021-03-29,5.545,159.51,90.48,6.505
89,2021-03-30,5.521,159.39,90.28,6.478
90,2021-03-31,5.594,159.39,90.24,6.474
91,2021-04-01,4.345,160.87,91.91,7.957
92,2021-04-02,4.319,160.74,91.75,8.018
93,2021-04-03,4.334,160.7,91.63,7.975
94,2021-04-04,4.376,160.61,91.86,7.901
95,2021-04-05,4.258,160.76,91.72,7.943
96,2021-04-06,4.29,160.75,91.51,8.009
97,2021-04-07,4.328,160.88,91.49,7.985
98,2021-04-08,4.324,160.7,91.8,7.964
99,2021-04-09,4.382,160.99,91.47,8.095
100,2021-04-10,4.244,160.9,91.99,7.92
101,2021-04-11,4.315,160.79,91.91,7.982
102,2021-04-12,4.35,160.81,91.77,8.025
103,2021-04-13,4.319,160.87,91.67,7.918
104,2021-04-14,4.262,160.74,91.96,8.019
105,2021-04-15,4.282,160.94,92.07,7.982
106,2021-04-16,4.249,160.96,91.79,7.976
107,2021-04-17,4.273,160.71,91.51,8.002
108,2021-04-18,4.251,161.11,91.58,7.907
109,2021-04-19,4.316,160.95,91.81,7.999
110,2021-04-20,4.198,160.73,91.59,7.875
111,2021-04-21,4.296,160.58,91.54,7.943
112,2021-04-22,4.248,160.84,91.86,8.015
113,2021-04-23,4.328,160.91,91.8,7.985
114,2021-04-24,4.316,160.81,91.72,7.953
115,2021-04-25,4.249,160.84,91.78,7.937
116,2021-04-26,4.257,160.68,92.0,7.974
117,2021-04-27,4.247,160.88,91.69,7.9
118,2021-04-28,4.341,160.75,91.72,7.972
119,2021-04-29,4.347,160.8,91.56,7.997
120,2021-04-30,4.266,160.99,91.8,7.858
121,2021-05-01,6.318,162.69,92.92,11.992
122,2021-05-02,6.249,162.59,92.46,11.911
123,2021-05-03,6.236,162.44,92.46,11.945
124,2021-05-04,6.34,162.53,92.33,11.884
125,2021-05-05,6.263,162.59,92.84,11.953
126,2021-05-06,6.262,162.23,92.25,11.971
127,2021-05-07,6.28,162.42,92.93,11.963
128,2021-05-08,6.301,162.47,92.57,11.911
129,2021-05-09,6.38,162.54,92.75,11.958
130,2021-05-10,6.242,162.58,92.54,11.774
131,2021-05-11,6.194,162.4,92.71,11.906
132,2021-05-12,6.309,162.7,92.35,11.899
133,2021-05-13,6.315,162.43,92.61,11.82
134,2021-05-14,6.37,162.43,93.01,11.898
135,2021-05-15,6.351,162.49,92.59,11.871
136,2021-05-16,6.306,162.53,92.44,11.894
137,2021-05-17,6.269,162.73,92.58,11.977
138,2021-05-18,6.29,162.53,92.34,11.878
139,2021-05-19,6.311,162.66,92.64,11.969
140,2021-05-20,6.332,162.66,92.59,12.02
141,2021-05-21,6.276,162.42,92.36,12.017
142,2021-05-22,6.341,162.47,92.85,11.934
143,2021-05-23,6.398,162.35,92.55,11.877
144,2021-05-24,6.201,162.61,92.55,11.937
145,2021-05-25,6.418,162.46,92.52,11.906
146,2021-05-26,6.349,162.44,92.47,11.953
147,2021-05-27,6.319,162.3,92.35,11.975
148,2021-05-28,6.32,162.42,92.57,11.901
149,2021-05-29,6.337,162.36,92.43,11.914
150,2021-05-30,6.295,162.56,92.35,11.918
151,2021-05-31,6.355,162.55,92.63,11.895
152,2021-06-01,6.218,163.89,96.95,9.164
153,2021-06-02,6.216,163.85,96.74,9.151
154,2021-06-03,6.284,163.95,96.88,9.241
155,2021-06-04,6.31,163.81,96.52,9.166
156,2021-06-05,6.237,163.79,96.61,9.146
157,2021-06-06,6.226,163.87,96.94,9.18
158,2021-06-07,6.384,163.92,96.64,9.17
159,2021-06-08,6.273,163.94,97.12,9.128
160,2021-06-09,6.303,163.92,96.39,9.209
161,2021-06-10,6.323,163.81,96.7,9.084
162,2021-06-11,6.197,164.0,96.61,9.115
163,2021-06-12,6.271,163.85,96.61,9.207
164,2021-06-13,6.202,163.81,96.73,9.218
165,2021-06-14,6.322,163.83,96.89,9.131
166,2021-06-15,6.351,163.79,96.97,9.137
167,2021-06-16,6.361,163.96,96.5,9.144
168,2021-06-17,6.299,164.01,96.69,9.172
169,2021-06-18,6.298,163.91,96.44,9.129
170,2021-06-19,6.272,164.02,97.02,9.209
171,2021-06-20,6.274,163.97,96.57,9.162
172,2021-06-21,6.219,163.78,96.77,9.179
173,2021-06-22,6.294,163.95,96.75,9.198
174,2021-06-23,6.258,163.94,96.55,9.188
175,2021-06-24,6.293,163.83,96.71,9.139
176,2021-06-25,6.234,163.79,96.95,9.223
177,2021-06-26,6.287,164.1,96.66,9.322
178,2021-06-27,6.249,163.93,96.62,9.189
179,2021-06-28,6.302,163.89,97.06,9.182
180,2021-06-29,6.274,163.81,96.78,9.163
181,2021-06-30,6.23,163.82,97.23,9.157
182,2021-07-01,5.517,164.13,101.19,6.977
183,2021-07-02,5.618,164.27,101.07,6.967
184,2021-07-03,5.546,164.14,101.02,6.891
185,2021-07-04,5.643,164.27,101.4,6.952
186,2021-07-05,5.629,164.02,101.37,6.959
187,2021-07-06,5.621,164.24,101.0,6.875
188,2021-07-07,5.554,164.26,101.34,6.882
189,2021-07-08,5.541,164.13,101.13,6.882
190,2021-07-09,5.519,164.12,101.22,6.891
191,2021-07-10,5.584,164.31,100.94,6.94
192,2021-07-11,5.641,164.16,101.09,7.008
193,2021-07-12,5.575,164.31,101.29,6.933
194,2021-07-13,5.614,164.23,101.4,6.923
195,2021-07-14,5.592,164.19,101.34,6.899
196,2021-07-15,5.641,164.25,100.94,7.01
197,2021-07-16,5.702,164.3,101.49,6.954
198,2021-07-17,5.507,164.02,101.25,6.92
199,2021-07-18,5.544,164.19,101.32,6.877
200,2021-07-19,5.568,164.35,100.98,6.993
201,2021-07-20,5.566,164.25,101.42,6.987
202,2021-07-21,5.635,164.08,101.42,6.907
203,2021-07-22,5.603,164.23,101.3,6.967
204,2021-07-23,5.548,164.07,101.37,6.959
205,2021-07-24,5.647,164.2,100.92,6.998
206,2021-07-25,5.571,164.23,101.07,7.032
207,2021-07-26,5.546,164.17,101.22,6.895
208,2021-07-27,5.607,164.36,101.1,6.97
209,2021-07-28,5.453,164.2,101.14,6.909
210,2021-07-29,5.644,164.17,101.16,6.931
211,2021-07-30,5.494,164.09,101.39,6.845
212,2021-07-31,5.552,164.16,101.55,6.988
213,2021-08-01,5.272,164.93,101.65,8.37
214,2021-08-02,5.232,164.91,101.72,8.269
215,2021-08-03,5.289,164.83,101.7,8.348
216,2021-08-04,5.271,164.86,101.89,8.317
217,2021-08-05,5.278,164.82,101.91,8.423
218,2021-08-06,5.347,164.9,102.42,8.346
219,2021-08-07,5.324,164.87,101.6,8.298
220,2021-08-08,5.275,164.86,101.77,8.327
221,2021-08-09,5.354,164.89,101.77,8.287
222,2021-08-10,5.357,164.88,101.48,8.304
223,2021-08-11,5.308,164.88,101.98,8.334
224,2021-08-12,5.329,164.81,101.67,8.307
225,2021-08-13,5.301,164.8,101.42,8.3
226,2021-08-14,5.303,164.77,101.75,8.344
227,2021-08-15,5.246,164.64,101.73,8.358
228,2021-08-16,5.384,164.88,101.51,8.308
229,2021-08-17,5.313,164.82,101.91,8.274
230,2021-08-18,5.303,164.84,101.97,8.28
231,2021-08-19,5.283,164.53,101.68,8.294
232,2021-08-20,5.249,164.82,101.79,8.207
233,2021-08-21,5.311,164.71,101.9,8.256
234,2021-08-22,5.302,164.77,101.86,8.326
235,2021-08-23,5.287,164.65,101.5,8.291
236,2021-08-24,5.3,164.74,101.93,8.306
237,2021-08-25,5.252,164.77,101.85,8.336
238,2021-08-26,5.394,164.73,101.79,8.341
239,2021-08-27,5.299,164.75,101.49,8.294
240,2021-08-28,5.246,164.63,101.64,8.268
241,2021-08-29,5.329,164.86,101.62,8.307
242,2021-08-30,5.207,164.75,101.88,8.361
243,2021-08-31,5.264,164.91,101.5,8.258
244,2021-09-01,4.385,165.07,102.2,7.408
245,2021-09-02,4.24,164.7,102.13,7.392
246,2021-09-03,4.295,164.91,102.12,7.457
247,2021-09-04,4.357,165.02,102.1,7.404
248,2021-09-05,4.403,164.8,102.66,7.429
249,2021-09-06,4.369,164.95,102.48,7.45
250,2021-09-07,4.27,165.04,102.03,7.415
251,2021-09-08,4.286,164.95,101.97,7.415
252,2021-09-09,4.336,165.09,102.5,7.412
253,2021-09-10,4.353,164.86,102.32,7.394
254,2021-09-11,4.329,165.0,101.99,7.408
255,2021-09-12,4.271,164.97,102.49,7.446
256,2021-09-13,4.423,164.82,102.15,7.363
257,2021-09-14,4.339,164.98,102.12,7.339
258,2021-09-15,4.284,164.76,102.2,7.513
259,2021-09-16,4.418,164.71,102.38,7.457
260,2021-09-17,4.273,164.87,102.32,7.438
261,2021-09-18,4.285,164.96,101.67,7.399
262,2021-09-19,4.407,164.9,102.0,7.454
263,2021-09-20,4.399,165.03,102.27,7.464
264,2021-09-21,4.387,164.93,102.12,7.398
265,2021-09-22,4.289,164.8,102.04,7.422
266,2021-09-23,4.422,164.9,102.3,7.464
267,2021-09-24,4.338,164.96,102.05,7.476
268,2021-09-25,4.382,164.78,102.13,7.492
269,2021-09-26,4.341,164.94,102.21,7.358
270,2021-09-27,4.376,164.76,101.97,7.464
271,2021-09-28,4.368,164.87,102.19,7.407
272,2021-09-29,4.351,164.97,101.95,7.412
273,2021-09-30,4.334,164.74,101.92,7.488
274,2021-10-01,4.499,165.17,103.69,7.744
275,2021-10-02,4.558,165.28,104.26,7.768
276,2021-10-03,4.504,165.17,104.19,7.733
277,2021-10-04,4.523,165.22,104.04,7.768
278,2021-10-05,4.472,165.34,103.95,7.718
279,2021-10-06,4.56,165.4,103.85,7.778
280,2021-10-07,4.443,165.18,104.21,7.665
281,2021-10-08,4.526,165.27,103.96,7.77
282,2021-10-09,4.509,165.22,104.14,7.756
283,2021-10-10,4.417,165.28,104.28,7.834
284,2021-10-11,4.516,165.18,104.1,7.793
285,2021-10-12,4.516,165.38,104.07,7.746
286,2021-10-13,4.45,165.11,104.07,7.759
287,2021-10-14,4.508,165.17,104.13,7.853
288,2021-10-15,4.484,165.29,104.06,7.852
289,2021-10-16,4.429,165.32,103.84,7.723
290,2021-10-17,4.478,165.43,104.36,7.772
291,2021-10-18,4.461,165.55,103.91,7.721
292,2021-10-19,4.391,165.44,104.19,7.871
293,2021-10-20,4.411,165.45,104.01,7.79
294,2021-10-21,4.398,165.45,104.16,7.748
295,2021-10-22,4.512,165.22,103.88,7.727
296,2021-10-23,4.387,165.39,104.24,7.715
297,2021-10-24,4.497,165.27,104.07,7.719
298,2021-10-25,4.436,165.41,103.99,7.851
299,2021-10-26,4.482,165.21,104.25,7.782
300,2021-10-27,4.516,165.42,103.87,7.744
301,2021-10-28,4.471,165.17,103.95,7.817
302,2021-10-29,4.492,165.17,103.69,7.833
303,2021-10-30,4.475,165.24,103.95,7.676
304,2021-10-31,4.551,165.26,104.27,7.753
305,2021-11-01,4.981,166.23,103.17,7.036
306,2021-11-02,4.941,166.23,102.95,7.096
307,2021-11-03,4.865,166.2,103.0,7.02
308,2021-11-04,4.889,166.23,102.97,6.921
309,2021-11-05,4.91,166.09,102.65,7.007
310,2021-11-06,4.934,166.25,103.11,6.903
311,2021-11-07,4.842,166.4,102.79,7.031
312,2021-11-08,4.876,166.21,102.87,7.028
313,2021-11-09,4.917,166.16,102.79,7.013
314,2021-11-10,4.849,166.24,103.53,7.068
315,2021-11-11,4.946,166.19,102.61,6.934
316,2021-11-12,4.974,166.12,102.86,6.992
317,2021-11-13,4.857,166.08,102.99,6.955
318,2021-11-14,4.873,166.12,103.1,6.988
319,2021-11-15,4.901,166.26,102.97,6.986
320,2021-11-16,4.934,166.27,102.97,7.004
321,2021-11-17,4.871,166.11,103.15,7.022
322,2021-11-18,4.933,166.23,103.01,7.035
323,2021-11-19,4.957,166.29,102.98,7.069
324,2021-11-20,4.921,166.26,103.06,7.012
325,2021-11-21,4.873,166.27,103.57,6.981
326,2021-11-22,4.914,166.16,102.9,7.077
327,2021-11-23,4.876,166.15,102.68,6.962
328,2021-11-24,4.825,166.26,103.56,6.982
329,2021-11-25,4.827,166.29,102.85,7.065
330,2021-11-26,4.896,166.14,102.96,7.038
331,2021-11-27,4.899,166.15,102.96,6.936
332,2021-11-28,4.93,166.02,102.91,7.038
333,2021-11-29,4.925,166.26,102.99,7.058
334,2021-11-30,4.956,166.24,103.19,7.038
335,2021-12-01,5.568,167.67,95.28,7.937
336,2021-12-02,5.645,167.71,95.02,7.933
337,2021-12-03,5.586,167.61,95.28,7.817
338,2021-12-04,5.543,167.94,95.56,7.849
339,2021-12-05,5.574,167.8,95.56,7.885
340,2021-12-06,5.566,167.95,95.13,7.946
341,2021-12-07,5.516,167.78,94.87,7.857
342,2021-12-08,5.632,167.8,95.14,7.873
343,2021-12-09,5.579,167.83,95.4,7.779
344,2021-12-10,5.548,167.82,95.18,7.93
345,2021-12-11,5.603,167.77,95.09,7.898
346,2021-12-12,5.647,167.73,95.19,7.919
347,2021-12-13,5.668,167.77,95.39,7.972
348,2021-12-14,5.587,167.78,95.13,7.897
349,2021-12-15,5.633,167.82,95.25,7.854
350,2021-12-16,5.542,168.01,95.16,7.871
351,2021-12-17,5.662,167.83,95.32,7.903
352,2021-12-18,5.574,167.78,94.92,7.906
353,2021-12-19,5.605,167.99,95.22,7.793
354,2021-12-20,5.585,168.07,95.37,7.869
355,2021-12-21,5.62,167.73,94.93,7.893
356,2021-12-22,5.595,167.61,94.97,7.911
357,2021-12-23,5.57,167.84,94.96,7.946
358,2021-12-24,5.531,167.96,94.86,7.855
359,2021-12-25,5.611,167.97,95.26,7.938
360,2021-12-26,5.591,167.7,95.1,7.849
361,2021-12-27,5.526,167.84,94.98,7.926
362,2021-12-28,5.525,167.83,95.1,7.98
363,2021-12-29,5.606,167.92,95.05,7.913
364,2021-12-30,5.541,167.76,95.15,7.874
365,2021-12-31,5.529,167.66,94.73,7.857
366,2022-01-01,6.041,168.14,95.13,6.66
367,2022-01-02,5.978,168.33,95.53,6.603
368,2022-01-03,5.934,168.28,95.08,6.692
369,2022-01-04,5.93,168.2,95.19,6.495
370,2022-01-05,6.078,168.54,95.3,6.504
371,2022-01-06,5.898,168.28,95.34,6.537
372,2022-01-07,6.021,168.34,95.46,6.554
373,2022-01-08,5.955,168.37,95.4,6.614
374,2022-01-09,6.05,168.16,95.11,6.532
375,2022-01-10,5.957,168.38,95.47,6.625
376,2022-01-11,6.03,168.32,95.64,6.593
377,2022-01-12,6.013,168.45,95.42,6.555
378,2022-01-13,5.968,168.37,95.65,6.567
379,2022-01-14,6.075,168.1,95.39,6.568
380,2022-01-15,5.974,168.54,95.39,6.55
381,2022-01-16,6.011,168.1,95.25,6.619
382,2022-01-17,5.979,168.22,95.66,6.637
383,2022-01-18,6.036,168.25,95.35,6.53
384,2022-01-19,5.96,168.2,95.28,6.518
385,2022-01-20,5.932,168.32,95.45,6.655
386,2022-01-21,5.977,168.33,95.46,6.557
387,2022-01-22,6.047,168.38,95.47,6.557
388,2022-01-23,5.992,168.16,95.24,6.539
389,2022-01-24,5.954,168.34,95.64,6.525
390,2022-01-25,6.024,168.2,95.34,6.535
391,2022-01-26,6.04,168.23,95.6,6.558
392,2022-01-27,5.978,168.17,95.45,6.615
393,2022-01-28,6.024,168.52,95.69,6.555
394,2022-01-29,5.994,168.35,95.23,6.628
395,2022-01-30,6.028,168.33,95.54,6.656
396,2022-01-31,6.019,168.29,95.7,6.618
397,2022-02-01,6.054,169.2,96.24,8.118
398,2022-02-02,6.002,169.05,96.02,8.052
399,2022-02-03,6.038,169.26,96.17,8.11
400,2022-02-04,6.009,169.15,96.32,8.13
401,2022-02-05,6.034,169.22,96.64,8.099
402,2022-02-06,6.035,169.18,96.22,8.092
403,2022-02-07,6.068,169.06,96.01,8.093
404,2022-02-08,6.062,169.14,96.16,8.103
405,2022-02-09,6.114,169.19,96.28,8.073
406,2022-02-10,6.099,169.24,96.37,8.136
407,2022-02-11,6.099,169.19,96.25,8.153
408,2022-02-12,6.037,169.14,96.24,8.121
409,2022-02-13,6.029,169.19,96.18,7.989
410,2022-02-14,6.059,169.18,96.17,8.171
411,2022-02-15,6.009,169.12,95.68,8.076
412,2022-02-16,6.05,169.15,96.42,8.143
413,2022-02-17,6.074,169.16,96.41,8.099
414,2022-02-18,6.029,169.03,96.11,8.138
415,2022-02-19,6.184,169.21,96.05,8.041
416,2022-02-20,6.098,169.02,96.31,8.141
417,2022-02-21,6.092,169.18,96.31,8.109
418,2022-02-22,6.031,169.39,96.13,8.139
419,2022-02-23,5.949,169.33,96.49,8.101
420,2022-02-24,6.098,169.26,96.07,8.127
421,2022-02-25,6.03,169.14,96.43,8.149
422,2022-02-26,6.035,169.13,96.07,8.137
423,2022-02-27,6.02,169.24,96.35,8.096
424,2022-02-28,6.121,169.17,96.16,8.051
425,2022-03-01,7.001,170.02,105.47,7.596
426,2022-03-02,6.897,170.04,105.68,7.61
427,2022-03-03,6.9,170.13,105.37,7.773
428,2022-03-04,6.964,170.06,105.68,7.508
429,2022-03-05,6.955,170.3,105.38,7.513
430,2022-03-06,6.93,170.25,105.48,7.558
431,2022-03-07,6.916,170.04,105.47,7.667
432,2022-03-08,7.003,170.15,105.13,7.534
433,2022-03-09,6.977,169.97,105.35,7.615
434,2022-03-10,6.893,170.0,105.38,7.625
435,2022-03-11,7.003,170.16,105.41,7.563
436,2022-03-12,6.896,170.05,105.48,7.617
437,2022-03-13,6.845,170.02,105.64,7.604
438,2022-03-14,6.879,170.34,105.39,7.619
439,2022-03-15,6.97,170.06,105.25,7.706
440,2022-03-16,7.0,170.18,105.52,7.55
441,2022-03-17,7.014,170.02,105.46,7.518
442,2022-03-18,6.848,170.13,105.24,7.501
443,2022-03-19,6.977,170.31,105.68,7.587
444,2022-03-20,6.95,170.19,105.62,7.583
445,2022-03-21,6.952,170.13,105.51,7.593
446,2022-03-22,6.944,170.24,105.64,7.624
447,2022-03-23,7.036,170.06,105.72,7.627
448,2022-03-24,7.114,169.98,105.26,7.621
449,2022-03-25,6.97,170.3,105.27,7.645
450,2022-03-26,7.008,170.17,105.21,7.67
451,2022-03-27,7.011,170.16,105.44,7.611
452,2022-03-28,6.946,170.16,105.41,7.558
453,2022-03-29,6.898,170.02,105.44,7.599
454,2022-03-30,6.961,170.15,105.27,7.673
455,2022-03-31,6.937,170.06,105.5,7.508
456,2022-04-01,7.75,171.9,105.05,7.886
457,2022-04-02,7.866,171.76,105.46,7.886
458,2022-04-03,7.767,171.89,105.27,7.806
459,2022-04-04,7.75,171.83,105.63,7.821
460,2022-04-05,7.726,171.69,105.48,7.922
461,2022-04-06,7.81,171.76,105.55,7.818
462,2022-04-07,7.771,171.7,105.68,7.703
463,2022-04-08,7.83,171.75,105.32,7.915
464,2022-04-09,7.754,171.73,105.37,7.851
465,2022-04-10,7.768,171.64,105.23,7.894
466,2022-04-11,7.794,171.85,105.35,7.797
467,2022-04-12,7.874,171.78,105.31,7.885
468,2022-04-13,7.754,171.74,105.4,7.83
469,2022-04-14,7.803,172.01,105.47,7.711
470,2022-04-15,7.806,171.8,105.41,7.842
471,2022-04-16,7.789,171.79,105.52,7.803
472,2022-04-17,7.743,172.1,105.26,7.835
473,2022-04-18,7.715,171.81,105.21,7.808
474,2022-04-19,7.842,171.85,105.51,7.741
475,2022-04-20,7.882,171.68,105.71,7.881
476,2022-04-21,7.819,171.71,105.43,7.806
477,2022-04-22,7.791,171.78,104.99,7.886
478,2022-04-23,7.786,171.75,105.29,7.848
479,2022-04-24,7.745,171.57,105.48,7.856
480,2022-04-25,7.78,171.69,105.42,7.757
481,2022-04-26,7.739,171.72,105.57,7.812
482,2022-04-27,7.768,172.0,105.47,7.847
483,2022-04-28,7.772,171.74,104.96,7.878
484,2022-04-29,7.812,171.78,105.37,7.867
485,2022-04-30,7.712,171.74,105.17,7.919
486,2022-05-01,7.084,172.98,105.1,7.113
487,2022-05-02,7.016,173.07,105.79,7.136
488,2022-05-03,7.064,173.13,105.54,7.101
489,2022-05-04,7.026,173.26,105.07,7.2
490,2022-05-05,7.049,173.33,105.18,7.074
491,2022-05-06,6.982,173.23,105.41,7.097
492,2022-05-07,6.989,173.07,105.39,7.097
493,2022-05-08,7.006,173.35,105.38,7.184
494,2022-05-09,7.013,173.22,105.39,7.035
495,2022-05-10,7.111,173.19,105.55,7.082
496,2022-05-11,7.032,173.11,105.65,7.136
497,2022-05-12,7.058,173.34,105.63,7.158
498,2022-05-13,6.969,173.13,105.2,7.156
499,2022-05-14,7.049,173.06,105.36,7.045
500,2022-05-15,7.037,173.03,105.51,7.139
501,2022-05-16,7.135,173.28,105.32,7.161
502,2022-05-17,6.97,173.1,105.47,7.012
503,2022-05-18,7.038,173.1,105.42,7.066
504,2022-05-19,7.061,173.2,105.68,7.12
505,2022-05-20,7.002,173.18,105.13,7.14
506,2022-05-21,7.069,173.45,105.28,7.107
507,2022-05-22,7.011,173.22,105.48,7.117
508,2022-05-23,7.094,173.14,105.6,7.147
509,2022-05-24,7.039,173.17,105.89,7.079
510,2022-05-25,7.055,173.12,105.76,7.164
511,2022-05-26,7.006,173.25,105.45,7.094
512,2022-05-27,7.078,173.24,105.44,7.118
513,2022-05-28,7.062,173.22,105.41,7.088
514,2022-05-29,7.125,173.09,105.49,7.104
515,2022-05-30,7.128,173.11,105.25,7.072
516,2022-05-31,7.056,173.06,105.3,7.012
517,2022-06-01,7.022,174.45,106.0,7.854
518,2022-06-02,6.945,174.58,106.16,7.88
519,2022-06-03,7.047,174.4,106.12,7.83
520,2022-06-04,6.997,174.48,106.55,7.763
521,2022-06-05,7.015,174.6,106.46,7.792
522,2022-06-06,6.996,174.33,106.09,7.816
523,2022-06-07,7.003,174.51,106.51,7.741
524,2022-06-08,6.998,174.52,106.16,7.872
525,2022-06-09,7.055,174.53,106.66,7.725
526,2022-06-10,7.01,174.54,106.12,7.815
527,2022-06-11,6.955,174.57,106.51,7.814
528,2022-06-12,6.917,174.4,106.41,7.801
529,2022-06-13,6.875,174.62,106.33,7.759
530,2022-06-14,7.06,174.43,106.16,7.818
531,2022-06-15,7.099,174.66,106.37,7.823
532,2022-06-16,7.05,174.37,106.43,7.763
533,2022-06-17,7.026,174.48,106.4,7.806
534,2022-06-18,6.856,174.52,106.43,7.822
535,2022-06-19,7.005,174.66,106.36,7.822
536,2022-06-20,7.062,174.54,106.12,7.678
537,2022-06-21,6.986,174.58,106.23,7.84
538,2022-06-22,7.017,174.63,106.24,7.823
539,2022-06-23,7.035,174.65,105.96,7.777
540,2022-06-24,7.052,174.65,106.35,7.785
541,2022-06-25,7.048,174.59,106.23,7.817
542,2022-06-26,7.069,174.69,106.45,7.802
543,2022-06-27,7.007,174.56,106.28,7.809
544,2022-06-28,6.957,174.63,106.07,7.778
545,2022-06-29,7.015,174.7,106.22,7.767
546,2022-06-30,6.982,174.67,105.74,7.75
547,2022-07-01,6.847,175.16,106.08,7.548
548,2022-07-02,6.713,175.18,106.67,7.569
549,2022-07-03,6.683,175.18,106.16,7.498
550,2022-07-04,6.622,174.94,106.12,7.491
551,2022-07-05,6.726,174.98,105.67,7.498
552,2022-07-06,6.686,175.04,106.6,7.519
553,2022-07-07,6.754,175.1,106.29,7.508
554,2022-07-08,6.707,175.02,106.33,7.538
555,2022-07-09,6.663,175.2,106.39,7.528
556,2022-07-10,6.717,175.09,106.13,7.554
557,2022-07-11,6.679,175.01,105.98,7.532
558,2022-07-12,6.738,175.03,106.8,7.594
559,2022-07-13,6.775,175.18,106.67,7.511
560,2022-07-14,6.582,175.06,106.41,7.558
561,2022-07-15,6.724,175.23,106.38,7.59
562,2022-07-16,6.663,174.99,106.62,7.555
563,2022-07-17,6.679,175.04,106.17,7.515
564,2022-07-18,6.646,174.95,106.26,7.52
565,2022-07-19,6.765,175.13,106.35,7.513
566,2022-07-20,6.704,175.14,106.44,7.545
567,2022-07-21,6.764,175.1,106.46,7.526
568,2022-07-22,6.619,175.13,106.45,7.579
569,2022-07-23,6.731,175.07,106.14,7.578
570,2022-07-24,6.731,175.04,106.52,7.506
571,2022-07-25,6.681,175.26,106.47,7.532
572,2022-07-26,6.724,175.12,105.75,7.505
573,2022-07-27,6.707,175.06,106.35,7.606
574,2022-07-28,6.694,174.99,106.36,7.534
575,2022-07-29,6.702,175.07,106.75,7.438
576,2022-07-30,6.691,175.1,106.14,7.595
577,2022-07-31,6.751,175.1,106.25,7.544
578,2022-08-01,6.995,176.29,106.26,8.313
579,2022-08-02,7.038,176.18,106.09,8.213
580,2022-08-03,7.043,176.33,106.4,8.229
581,2022-08-04,7.089,176.24,106.33,8.343
582,2022-08-05,6.951,176.25,106.34,8.443
583,2022-08-06,7.015,176.46,106.54,8.318
584,2022-08-07,6.951,176.41,106.0,8.38
585,2022-08-08,7.01,176.03,106.23,8.333
586,2022-08-09,6.988,176.37,106.13,8.235
587,2022-08-10,6.996,176.3,106.23,8.361
588,2022-08-11,6.957,176.33,106.31,8.222
589,2022-08-12,6.934,176.3,106.7,8.329
590,2022-08-13,6.914,175.99,106.45,8.295
591,2022-08-14,7.057,176.21,106.37,8.342
592,2022-08-15,6.978,176.26,106.31,8.327
593,2022-08-16,6.999,176.4,106.21,8.234
594,2022-08-17,7.099,176.24,106.19,8.297
595,2022-08-18,7.003,176.26,106.3,8.298
596,2022-08-19,7.009,176.06,106.68,8.293
597,2022-08-20,7.029,176.16,106.21,8.266
598,2022-08-21,7.073,176.24,106.45,8.267
599,2022-08-22,6.977,176.28,106.56,8.206
600,2022-08-23,6.934,176.11,106.08,8.259
601,2022-08-24,6.919,176.23,105.9,8.249
602,2022-08-25,7.06,176.34,106.34,8.25
603,2022-08-26,6.923,176.19,106.29,8.343
604,2022-08-27,7.045,176.36,106.15,8.301
605,2022-08-28,6.984,176.28,106.71,8.212
606,2022-08-29,6.988,176.42,106.01,8.268
607,2022-08-30,6.974,176.28,105.98,8.33
608,2022-08-31,7.033,176.35,106.13,8.304
609,2022-09-01,7.365,177.77,106.73,7.695
610,2022-09-02,7.351,177.82,106.03,7.63
611,2022-09-03,7.358,177.76,106.49,7.719
612,2022-09-04,7.436,177.69,106.19,7.704
613,2022-09-05,7.379,177.77,106.39,7.673
614,2022-09-06,7.421,177.96,106.27,7.749
615,2022-09-07,7.438,177.65,106.08,7.648
616,2022-09-08,7.367,177.79,106.42,7.753
617,2022-09-09,7.425,177.76,105.88,7.694
618,2022-09-10,7.411,177.82,106.72,7.752
619,2022-09-11,7.449,177.7,106.2,7.685
620,2022-09-12,7.371,177.85,106.37,7.636
621,2022-09-13,7.47,177.81,105.95,7.687
622,2022-09-14,7.424,177.9,106.23,7.731
623,2022-09-15,7.419,177.67,106.02,7.746
624,2022-09-16,7.47,177.83,106.6,7.743
625,2022-09-17,7.444,177.71,106.65,7.717
626,2022-09-18,7.391,177.73,106.35,7.606
627,2022-09-19,7.445,177.7,106.37,7.664
628,2022-09-20,7.397,177.72,106.27,7.784
629,2022-09-21,7.479,177.84,106.29,7.732
630,2022-09-22,7.466,177.72,106.28,7.599
631,2022-09-23,7.466,178.01,106.32,7.584
632,2022-09-24,7.44,177.71,106.17,7.721
633,2022-09-25,7.423,177.75,106.17,7.696
634,2022-09-26,7.39,177.69,106.23,7.707
635,2022-09-27,7.401,177.66,106.5,7.553
636,2022-09-28,7.388,177.74,106.33,7.718
637,2022-09-29,7.466,177.73,106.42,7.7
638,2022-09-30,7.324,177.99,106.01,7.711
639,2022-10-01,6.789,178.43,102.8,7.371
640,2022-10-02,6.692,178.39,102.79,7.296
641,2022-10-03,6.791,178.51,102.83,7.369
642,2022-10-04,6.772,178.31,102.85,7.315
643,2022-10-05,6.735,178.44,102.95,7.25
644,2022-10-06,6.687,178.44,102.74,7.345
645,2022-10-07,6.809,178.27,102.62,7.414
646,2022-10-08,6.788,178.36,102.71,7.304
647,2022-10-09,6.71,178.49,102.74,7.385
648,2022-10-10,6.75,178.3,102.81,7.199
649,2022-10-11,6.764,178.38,103.06,7.236
650,2022-10-12,6.828,178.48,103.15,7.327
651,2022-10-13,6.821,178.25,103.04,7.291
652,2022-10-14,6.687,178.29,102.9,7.289
653,2022-10-15,6.789,178.22,102.47,7.399
654,2022-10-16,6.815,178.3,102.9,7.381
655,2022-10-17,6.791,178.41,103.12,7.293
656,2022-10-18,6.772,178.4,102.85,7.311
657,2022-10-19,6.774,178.4,102.69,7.37
658,2022-10-20,6.721,178.38,102.84,7.348
659,2022-10-21,6.664,178.49,102.76,7.391
660,2022-10-22,6.746,178.4,103.28,7.316
661,2022-10-23,6.832,178.4,102.98,7.333
662,2022-10-24,6.812,178.33,102.7,7.298
663,2022-10-25,6.775,178.38,103.04,7.395
664,2022-10-26,6.721,178.33,102.61,7.432
665,2022-10-27,6.785,178.45,102.63,7.33
666,2022-10-28,6.795,178.37,103.12,7.446
667,2022-10-29,6.723,178.3,102.72,7.41
668,2022-10-30,6.822,178.39,102.91,7.289
669,2022-10-31,6.815,178.36,102.85,7.36
670,2022-11-01,5.871,178.88,102.9,8.04
671,2022-11-02,5.962,178.96,103.06,7.99
672,2022-11-03,5.845,178.97,102.93,7.929
673,2022-11-04,5.864,178.89,102.8,8.074
674,2022-11-05,5.904,179.04,102.95,8.004
675,2022-11-06,5.833,178.9,102.9,7.932
676,2022-11-07,5.853,178.87,102.98,8.023
677,2022-11-08,5.851,178.95,102.86,7.857
678,2022-11-09,5.856,179.01,102.56,8.006
679,2022-11-10,5.959,178.82,102.9,7.935
680,2022-11-11,5.961,178.89,102.91,8.068
681,2022-11-12,5.913,178.81,102.77,8.025
682,2022-11-13,5.849,178.69,102.89,7.926
683,2022-11-14,5.961,178.92,102.72,7.965
684,2022-11-15,5.786,178.79,103.1,8.112
685,2022-11-16,5.916,178.89,102.81,7.952
686,2022-11-17,5.983,178.88,103.32,8.07
687,2022-11-18,5.793,178.83,102.77,7.996
688,2022-11-19,5.877,179.2,102.68,8.011
689,2022-11-20,5.911,178.9,102.92,7.948
690,2022-11-21,5.885,178.95,102.97,8.029
691,2022-11-22,5.951,178.99,102.91,7.941
692,2022-11-23,5.85,178.88,102.95,7.976
693,2022-11-24,5.833,178.78,102.57,7.988
694,2022-11-25,5.807,178.8,102.82,7.933
695,2022-11-26,5.899,178.97,102.79,7.978
696,2022-11-27,5.907,178.83,102.74,8.06
697,2022-11-28,5.924,178.96,103.09,7.901
698,2022-11-29,5.948,178.94,103.1,8.019
699,2022-11-30,5.882,178.87,102.97,7.984
700,2022-12-01,5.763,179.54,102.79,8.402
701,2022-12-02,5.689,179.68,102.72,8.317
702,2022-12-03,5.683,179.68,103.07,8.265
703,2022-12-04,5.759,179.78,103.11,8.307
704,2022-12-05,5.882,179.81,102.96,8.256
705,2022-12-06,5.715,179.84,103.24,8.374
706,2022-12-07,5.759,179.57,103.0,8.238
707,2022-12-08,5.646,179.72,103.0,8.345
708,2022-12-09,5.745,179.75,102.7,8.295
709,2022-12-10,5.645,179.5,103.05,8.262
710,2022-12-11,5.764,179.81,102.78,8.33
711,2022-12-12,5.687,179.52,102.92,8.276
712,2022-12-13,5.698,179.9,102.59,8.319
713,2022-12-14,5.67,179.79,102.96,8.319
714,2022-12-15,5.673,179.62,103.09,8.389
715,2022-12-16,5.744,179.61,102.97,8.421
716,2022-12-17,5.725,179.85,102.75,8.298
717,2022-12-18,5.751,179.74,102.75,8.26
718,2022-12-19,5.769,179.82,103.2,8.39
719,2022-12-20,5.727,179.67,103.17,8.336
720,2022-12-21,5.671,179.6,103.0,8.291
721,2022-12-22,5.719,179.81,103.05,8.366
722,2022-12-23,5.623,179.73,103.04,8.224
723,2022-12-24,5.687,179.62,102.9,8.381
724,2022-12-25,5.821,179.62,103.01,8.328
725,2022-12-26,5.739,179.74,102.96,8.384
726,2022-12-27,5.775,179.59,103.06,8.345
727,2022-12-28,5.736,179.81,102.94,8.31
728,2022-12-29,5.726,179.5,102.88,8.267
729,2022-12-30,5.661,179.84,103.0,8.299
730,2022-12-31,5.692,179.73,103.1,8.259
731,2023-01-01,6.52,180.29,102.51,7.137
732,2023-01-02,6.499,180.19,102.8,7.147
733,2023-01-03,6.616,180.17,102.96,7.24
734,2023-01-04,6.492,180.38,102.9,7.229
735,2023-01-05,6.558,180.23,102.89,7.109
736,2023-01-06,6.524,180.29,102.9,7.124
737,2023-01-07,6.507,180.3,103.15,7.107
738,2023-01-08,6.487,180.24,103.21,7.197
739,2023-01-09,6.457,180.17,102.71,7.127
740,2023-01-10,6.6,180.06,102.58,7.099
741,2023-01-11,6.534,180.26,102.99,7.199
742,2023-01-12,6.432,180.32,102.84,7.177
743,2023-01-13,6.454,180.2,102.95,7.198
744,2023-01-14,6.441,180.2,102.68,7.165
745,2023-01-15,6.559,180.33,102.79,7.186
746,2023-01-16,6.588,180.04,103.02,7.188
747,2023-01-17,6.507,180.08,103.09,7.08
748,2023-01-18,6.511,180.2,103.04,7.109
749,2023-01-19,6.486,180.21,103.1,7.254
750,2023-01-20,6.445,180.23,102.68,7.191
751,2023-01-21,6.473,180.13,102.78,7.136
752,2023-01-22,6.536,180.25,102.9,7.074
753,2023-01-23,6.556,180.19,103.13,7.105
754,2023-01-24,6.44,180.2,103.16,7.148
755,2023-01-25,6.51,180.11,103.25,7.089
756,2023-01-26,6.484,180.26,102.53,7.204
757,2023-01-27,6.551,180.29,103.01,7.132
758,2023-01-28,6.467,180.19,102.7,7.164
759,2023-01-29,6.56,180.35,102.97,7.186
760,2023-01-30,6.505,180.15,102.99,7.121
761,2023-01-31,6.533,180.09,102.72,7.172
762,2023-02-01,6.484,180.7,103.03,7.423
763,2023-02-02,6.441,180.94,103.06,7.49
764,2023-02-03,6.535,180.73,102.7,7.414
765,2023-02-04,6.427,180.56,102.86,7.423
766,2023-02-05,6.479,180.84,102.78,7.479
767,2023-02-06,6.476,180.72,102.8,7.339
768,2023-02-07,6.385,180.73,102.91,7.403
769,2023-02-08,6.414,180.68,102.93,7.471
770,2023-02-09,6.46,180.8,102.59,7.419
771,2023-02-10,6.42,180.76,102.91,7.521
772,2023-02-11,6.481,180.7,103.04,7.482
773,2023-02-12,6.4,180.88,102.87,7.38
774,2023-02-13,6.463,180.82,102.85,7.448
775,2023-02-14,6.404,180.86,102.89,7.458
776,2023-02-15,6.458,180.68,102.72,7.34
777,2023-02-16,6.468,180.68,102.93,7.469
778,2023-02-17,6.47,180.68,102.89,7.534
779,2023-02-18,6.526,180.9,102.97,7.4
780,2023-02-19,6.476,180.78,103.01,7.418
781,2023-02-20,6.431,180.82,102.95,7.475
782,2023-02-21,6.411,180.67,103.22,7.574
783,2023-02-22,6.462,180.67,102.75,7.475
784,2023-02-23,6.507,180.68,102.88,7.46
785,2023-02-24,6.483,180.77,102.59,7.481
786,2023-02-25,6.496,180.79,102.98,7.426
787,2023-02-26,6.398,180.9,102.98,7.475
788,2023-02-27,6.515,180.69,102.79,7.458
789,2023-02-28,6.412,180.88,102.86,7.4
790,2023-03-01,5.663,181.22,103.09,7.82
791,2023-03-02,5.683,181.23,102.86,7.764
792,2023-03-03,5.674,181.17,103.24,7.867
793,2023-03-04,5.692,181.24,102.88,7.737
794,2023-03-05,5.649,181.21,102.95,7.823
795,2023-03-06,5.706,181.13,102.76,7.873
796,2023-03-07,5.699,181.16,102.88,7.795
797,2023-03-08,5.662,181.25,103.41,7.809
798,2023-03-09,5.693,181.03,102.8,7.861
799,2023-03-10,5.68,180.76,103.03,7.896
800,2023-03-11,5.56,181.35,102.35,7.847
801,2023-03-12,5.66,180.97,102.99,7.858
802,2023-03-13,5.678,181.26,102.82,7.707
803,2023-03-14,5.695,181.37,103.13,7.701
804,2023-03-15,5.584,181.12,102.58,7.802
805,2023-03-16,5.68,181.06,103.06,7.83
806,2023-03-17,5.633,181.18,102.51,7.783
807,2023-03-18,5.66,181.22,102.98,7.812
808,2023-03-19,5.647,181.23,103.1,7.795
809,2023-03-20,5.676,181.18,102.77,7.826
810,2023-03-21,5.632,181.24,102.91,7.785
811,2023-03-22,5.644,181.15,102.57,7.819
812,2023-03-23,5.672,181.28,102.79,7.895
813,2023-03-24,5.641,181.11,102.7,7.713
814,2023-03-25,5.737,181.34,103.02,7.755
815,2023-03-26,5.751,181.16,102.85,7.872
816,2023-03-27,5.693,181.42,102.95,7.78
817,2023-03-28,5.629,181.02,102.84,7.857
818,2023-03-29,5.69,181.2,102.7,7.811
819,2023-03-30,5.711,181.24,102.93,7.76
820,2023-03-31,5.703,180.89,102.98,7.929
821,2023-04-01,4.625,181.58,102.9,7.807
822,2023-04-02,4.752,181.65,102.93,7.87
823,2023-04-03,4.701,181.92,102.93,7.84
824,2023-04-04,4.614,181.55,103.13,7.763
825,2023-04-05,4.592,181.6,103.17,7.832
826,2023-04-06,4.683,181.41,102.99,7.863
827,2023-04-07,4.611,181.71,103.05,7.887
828,2023-04-08,4.729,181.67,103.0,7.873
829,2023-04-09,4.609,181.45,102.75,7.824
830,2023-04-10,4.719,181.63,103.12,7.887
831,2023-04-11,4.656,181.62,102.73,7.821
832,2023-04-12,4.716,181.26,103.38,7.858
833,2023-04-13,4.67,181.79,102.83,7.837
834,2023-04-14,4.676,181.77,102.88,7.837
835,2023-04-15,4.76,181.66,102.89,7.886
836,2023-04-16,4.827,181.63,102.92,7.839
837,2023-04-17,4.766,181.54,102.84,7.753
838,2023-04-18,4.641,181.55,102.89,7.918
839,2023-04-19,4.727,181.51,102.75,7.899
840,2023-04-20,4.756,181.6,102.81,7.886
841,2023-04-21,4.65,181.64,103.35,7.84
842,2023-04-22,4.661,181.64,102.81,7.76
843,2023-04-23,4.735,181.71,102.84,7.811
844,2023-04-24,4.652,181.59,102.79,7.779
845,2023-04-25,4.795,181.65,103.01,7.874
846,2023-04-26,4.739,181.56,102.95,7.817
847,2023-04-27,4.722,181.63,102.82,7.764
848,2023-04-28,4.707,181.58,102.52,7.855
849,2023-04-29,4.748,181.85,102.82,7.803
850,2023-04-30,4.645,181.62,102.94,7.789
851,2023-05-01,4.241,181.9,96.89,6.961
852,2023-05-02,4.248,181.96,96.58,6.986
853,2023-05-03,4.249,182.15,96.99,7.037
854,2023-05-04,4.298,182.24,96.81,6.998
855,2023-05-05,4.3,182.21,96.83,6.927
856,2023-05-06,4.208,182.07,96.86,6.999
857,2023-05-07,4.307,182.23,96.94,7.06
858,2023-05-08,4.198,182.15,96.58,6.918
859,2023-05-09,4.236,182.23,96.79,7.101
860,2023-05-10,4.259,182.34,96.74,7.001
861,2023-05-11,4.186,182.21,96.6,6.968
862,2023-05-12,4.314,182.22,96.93,6.982
863,2023-05-13,4.247,182.09,96.86,7.078
864,2023-05-14,4.268,182.3,96.88,6.988
865,2023-05-15,4.291,182.27,97.1,7.059
866,2023-05-16,4.251,182.08,96.82,7.084
867,2023-05-17,4.272,182.15,96.71,6.984
868,2023-05-18,4.242,182.11,97.04,6.988
869,2023-05-19,4.253,182.01,96.84,7.068
870,2023-05-20,4.331,182.12,96.81,6.992
871,2023-05-21,4.276,182.13,96.71,7.007
872,2023-05-22,4.273,182.07,96.65,7.085
873,2023-05-23,4.386,181.98,96.45,6.952
874,2023-05-24,4.245,182.19,96.82,7.009
875,2023-05-25,4.276,182.03,96.65,6.999
876,2023-05-26,4.171,181.98,96.48,7.038
877,2023-05-27,4.262,182.16,96.33,6.926
878,2023-05-28,4.283,181.82,96.94,6.909
879,2023-05-29,4.292,182.01,96.91,7.16
880,2023-05-30,4.136,182.17,96.34,7.021
881,2023-05-31,4.24,182.11,96.52,7.039
882,2023-06-01,4.738,183.42,96.62,7.03
883,2023-06-02,4.89,183.29,97.08,7.161
884,2023-06-03,4.77,183.29,96.72,7.176
885,2023-06-04,4.832,183.32,96.66,7.097
886,2023-06-05,4.875,183.3,96.62,7.072
887,2023-06-06,4.782,183.16,96.55,7.175
888,2023-06-07,4.8,183.37,96.2,7.128
889,2023-06-08,4.802,183.25,96.74,7.075
890,2023-06-09,4.704,183.39,96.75,7.084
891,2023-06-10,4.762,183.15,96.74,7.181
892,2023-06-11,4.82,183.16,96.75,7.097
893,2023-06-12,4.853,183.36,96.1,7.127
894,2023-06-13,4.76,183.16,96.66,7.121
895,2023-06-14,4.728,183.37,96.85,7.102
896,2023-06-15,4.767,183.2,96.91,7.024
897,2023-06-16,4.863,183.28,96.68,7.015
898,2023-06-17,4.803,183.36,96.43,7.125
899,2023-06-18,4.814,183.24,96.87,6.99
900,2023-06-19,4.827,183.46,96.99,7.119
901,2023-06-20,4.795,183.24,96.64,7.127
902,2023-06-21,4.77,183.38,97.13,7.097
903,2023-06-22,4.743,183.17,96.86,7.097
904,2023-06-23,4.854,183.25,96.87,7.092
905,2023-06-24,4.773,183.26,96.46,7.199
906,2023-06-25,4.805,183.36,96.59,7.047
907,2023-06-26,4.798,183.41,96.6,7.056
908,2023-06-27,4.818,183.35,97.03,7.118
909,2023-06-28,4.842,183.37,96.47,7.052
910,2023-06-29,4.756,183.17,96.86,7.115
911,2023-06-30,4.814,183.04,97.11,7.055
912,2023-07-01,7.543,185.76,96.54,7.84
913,2023-07-02,7.458,185.79,96.49,7.881
914,2023-07-03,7.479,185.97,97.06,7.916
915,2023-07-04,7.451,185.77,96.63,7.924
916,2023-07-05,7.463,186.0,96.9,7.908
917,2023-07-06,7.49,185.9,96.64,7.915
918,2023-07-07,7.412,186.07,96.76,7.959
919,2023-07-08,7.427,186.14,96.96,7.914
920,2023-07-09,7.426,185.88,96.73,7.915
921,2023-07-10,7.462,186.05,96.44,7.894
922,2023-07-11,7.416,185.86,97.1,8.0
923,2023-07-12,7.487,185.87,96.64,7.877
924,2023-07-13,7.479,185.95,96.96,7.939
925,2023-07-14,7.433,185.92,96.88,7.876
926,2023-07-15,7.477,185.9,96.49,7.846
927,2023-07-16,7.433,186.04,97.03,7.968
928,2023-07-17,7.538,185.9,96.89,7.927
929,2023-07-18,7.414,185.83,96.29,8.014
930,2023-07-19,7.408,185.82,96.46,7.94
931,2023-07-20,7.528,186.11,96.37,7.932
932,2023-07-21,7.388,186.0,96.76,7.918
933,2023-07-22,7.444,185.85,97.02,7.977
934,2023-07-23,7.473,185.63,96.69,8.054
935,2023-07-24,7.506,185.72,96.64,7.89
936,2023-07-25,7.526,185.92,96.55,7.952
937,2023-07-26,7.31,185.79,96.71,7.992
938,2023-07-27,7.343,185.86,96.9,7.877
939,2023-07-28,7.451,185.91,97.04,7.938
940,2023-07-29,7.431,185.99,96.43,7.939
941,2023-07-30,7.417,185.89,96.87,7.978
942,2023-07-31,7.403,185.91,97.0,7.908
943,2023-08-01,6.837,186.48,96.69,7.988
944,2023-08-02,6.901,186.42,96.91,8.039
945,2023-08-03,6.799,186.62,96.9,8.08
946,2023-08-04,6.868,186.47,96.7,8.037
947,2023-08-05,6.875,186.43,97.0,8.054
948,2023-08-06,6.831,186.58,96.7,8.055
949,2023-08-07,6.828,186.59,96.57,8.064
950,2023-08-08,6.831,186.59,96.68,8.16
951,2023-08-09,6.822,186.48,96.67,8.004
952,2023-08-10,6.778,186.45,96.93,8.068
953,2023-08-11,6.806,186.62,97.01,8.133
954,2023-08-12,6.787,186.45,97.06,8.082
955,2023-08-13,6.817,186.57,96.9,8.041
956,2023-08-14,6.841,186.59,96.47,8.071
957,2023-08-15,6.774,186.4,96.59,8.094
958,2023-08-16,6.814,186.44,96.71,8.013
959,2023-08-17,6.851,186.61,96.68,8.06
960,2023-08-18,6.849,186.3,96.81,8.225
961,2023-08-19,6.824,186.49,96.85,8.152
962,2023-08-20,6.879,186.28,96.81,8.199
963,2023-08-21,6.861,186.38,96.76,8.006
964,2023-08-22,6.892,186.4,96.71,8.027
965,2023-08-23,6.803,186.65,96.72,8.042
966,2023-08-24,6.773,186.31,96.45,8.076
967,2023-08-25,6.879,186.44,97.01,8.034
968,2023-08-26,6.818,186.39,96.9,8.175
969,2023-08-27,6.742,186.47,96.95,7.998
970,2023-08-28,6.858,186.62,96.72,8.098
971,2023-08-29,6.918,186.69,96.69,8.043
972,2023-08-30,6.784,186.6,96.43,8.057
973,2023-08-31,6.835,186.45,96.76,8.198
974,2023-09-01,5.014,186.76,96.9,7.812
975,2023-09-02,5.092,186.82,96.65,7.711
976,2023-09-03,4.939,186.62,96.78,7.732
977,2023-09-04,5.083,186.8,96.65,7.758
978,2023-09-05,5.051,186.72,96.5,7.859
979,2023-09-06,5.038,186.78,96.83,7.8
980,2023-09-07,5.039,186.72,97.11,7.771
981,2023-09-08,5.098,186.78,96.86,7.837
982,2023-09-09,5.077,186.72,96.92,7.892
983,2023-09-10,5.007,186.8,96.6,7.783
984,2023-09-11,5.106,186.7,96.51,7.881
985,2023-09-12,5.051,187.01,96.61,7.806
986,2023-09-13,4.987,186.81,96.35,7.834
987,2023-09-14,5.036,186.79,96.62,7.755
988,2023-09-15,5.056,186.68,96.8,7.904
989,2023-09-16,5.094,186.65,96.59,7.821
990,2023-09-17,5.016,186.66,96.78,7.799
991,2023-09-18,5.116,186.77,96.93,7.737
992,2023-09-19,4.969,186.87,96.92,7.752
993,2023-09-20,5.021,186.66,96.66,7.842
994,2023-09-21,4.998,186.78,96.47,7.768
995,2023-09-22,5.108,186.81,96.5,7.784
996,2023-09-23,4.94,186.7,96.97,7.793
997,2023-09-24,5.115,186.79,96.69,7.832
998,2023-09-25,4.886,186.82,96.69,7.874
999,2023-09-26,5.068,186.69,96.95,7.787
1000,2023-09-27,4.975,186.82,96.66,7.877
1001,2023-09-28,5.037,186.82,96.88,7.855
1002,2023-09-29,5.059,186.94,96.82,7.808
1003,2023-09-30,5.082,186.79,96.71,7.886
1004,2023-10-01,4.951,187.1,96.61,7.873
1005,2023-10-02,4.91,187.13,96.64,7.817
1006,2023-10-03,4.869,187.03,96.73,7.813
1007,2023-10-04,4.851,187.19,96.96,7.848
1008,2023-10-05,4.856,187.18,96.72,7.738
1009,2023-10-06,4.904,187.11,97.22,7.873
1010,2023-10-07,4.906,187.12,96.73,7.75
1011,2023-10-08,4.783,187.01,96.69,7.695
1012,2023-10-09,4.843,187.08,96.66,7.767
1013,2023-10-10,4.853,187.27,96.83,7.772
1014,2023-10-11,4.867,187.1,96.55,7.762
1015,2023-10-12,4.921,187.06,96.48,7.798
1016,2023-10-13,4.876,186.9,96.69,7.843
1017,2023-10-14,4.893,187.32,96.95,7.872
1018,2023-10-15,5.01,187.18,96.73,7.849
1019,2023-10-16,4.842,187.11,96.57,7.82
1020,2023-10-17,4.837,187.03,96.78,7.793
1021,2023-10-18,4.774,186.95,96.47,7.756
1022,2023-10-19,4.891,187.12,96.91,7.838
1023,2023-10-20,4.924,187.16,96.74,7.855
1024,2023-10-21,4.916,187.14,96.95,7.683
1025,2023-10-22,4.855,187.07,96.93,7.879
1026,2023-10-23,4.797,187.24,96.47,7.743
1027,2023-10-24,4.858,187.07,96.39,7.832
1028,2023-10-25,4.904,187.21,96.61,7.798
1029,2023-10-26,4.868,187.27,96.13,7.752
1030,2023-10-27,4.87,186.99,96.65,7.794
1031,2023-10-28,4.837,187.11,96.83,7.788
1032,2023-10-29,4.847,187.08,96.7,7.713
1033,2023-10-30,4.893,187.05,96.95,7.83
1034,2023-10-31,4.929,187.0,96.63,7.738
1035,2023-11-01,5.515,187.93,97.0,7.943
1036,2023-11-02,5.527,187.79,96.82,7.912
1037,2023-11-03,5.47,187.85,96.31,7.978
1038,2023-11-04,5.558,187.84,96.67,7.982
1039,2023-11-05,5.592,187.83,96.57,8.002
1040,2023-11-06,5.569,187.97,96.86,8.061
1041,2023-11-07,5.519,187.75,96.65,7.993
1042,2023-11-08,5.5,187.93,96.88,7.985
1043,2023-11-09,5.582,187.82,96.84,7.933
1044,2023-11-10,5.543,187.79,96.82,7.969
1045,2023-11-11,5.425,187.69,96.69,8.003
1046,2023-11-12,5.634,187.86,96.72,7.998
1047,2023-11-13,5.605,187.74,96.67,7.946
1048,2023-11-14,5.621,187.84,96.56,7.994
1049,2023-11-15,5.575,187.77,96.59,7.967
1050,2023-11-16,5.567,187.76,96.61,7.933
1051,2023-11-17,5.554,187.78,96.64,8.01
1052,2023-11-18,5.587,187.87,96.81,7.988
1053,2023-11-19,5.522,187.7,96.58,8.001
1054,2023-11-20,5.511,187.81,96.51,7.917
1055,2023-11-21,5.591,187.75,96.53,7.945
1056,2023-11-22,5.571,187.94,96.62,7.989
1057,2023-11-23,5.604,187.62,97.09,8.122
1058,2023-11-24,5.415,187.79,96.56,7.987
1059,2023-11-25,5.529,187.88,96.68,7.954
1060,2023-11-26,5.541,187.85,96.46,7.918
1061,2023-11-27,5.65,187.74,96.67,7.98
1062,2023-11-28,5.577,187.98,96.82,7.924
1063,2023-11-29,5.481,187.76,96.65,7.914
1064,2023-11-30,5.591,187.69,97.0,8.091
1065,2023-12-01,5.678,188.24,96.45,8.031
1066,2023-12-02,5.665,188.09,96.64,7.977
1067,2023-12-03,5.674,188.29,96.54,8.087
1068,2023-12-04,5.624,188.36,96.5,8.0
1069,2023-12-05,5.665,188.17,96.86,8.075
1070,2023-12-06,5.75,188.16,96.74,7.961
1071,2023-12-07,5.64,188.09,96.61,8.012
1072,2023-12-08,5.594,188.2,97.0,8.056
1073,2023-12-09,5.661,188.06,96.79,7.884
1074,2023-12-10,5.746,188.18,97.07,7.914
1075,2023-12-11,5.736,188.19,96.63,7.932
1076,2023-12-12,5.72,188.27,97.06,8.05
1077,2023-12-13,5.66,188.1,96.43,8.074
1078,2023-12-14,5.651,188.35,96.81,8.016
1079,2023-12-15,5.675,188.27,96.7,7.982
1080,2023-12-16,5.725,188.19,96.54,8.03
1081,2023-12-17,5.687,188.25,96.61,7.94
1082,2023-12-18,5.777,188.35,96.88,7.981
1083,2023-12-19,5.675,188.34,96.63,7.968
1084,2023-12-20,5.784,188.2,97.05,7.93
1085,2023-12-21,5.716,188.41,96.71,7.987
1086,2023-12-22,5.632,188.31,96.55,7.995
1087,2023-12-23,5.628,188.36,96.93,7.998
1088,2023-12-24,5.632,188.35,96.63,7.945
1089,2023-12-25,5.602,188.14,96.41,7.969
1090,2023-12-26,5.727,188.16,96.77,7.964
1091,2023-12-27,5.693,188.39,96.63,8.019
1092,2023-12-28,5.612,188.35,96.6,8.053
1093,2023-12-29,5.684,188.26,96.83,7.977
1094,2023-12-30,5.745,188.12,96.86,7.98
1095,2023-12-31,5.707,188.15,96.71,7.946
1096,2024-01-01,5.112,188.9,96.59,7.497
1097,2024-01-02,5.107,188.84,96.67,7.45
1098,2024-01-03,5.217,189.01,96.75,7.559
1099,2024-01-04,5.001,188.64,96.62,7.431
1100,2024-01-05,5.088,188.92,96.88,7.443
1101,2024-01-06,5.12,188.9,96.77,7.474
1102,2024-01-07,5.169,188.89,97.05,7.46
1103,2024-01-08,5.137,188.89,96.63,7.532
1104,2024-01-09,5.085,188.63,96.09,7.564
1105,2024-01-10,5.162,189.09,96.7,7.435
1106,2024-01-11,5.079,188.9,96.5,7.582
1107,2024-01-12,5.212,188.95,96.7,7.435
1108,2024-01-13,5.177,188.91,96.64,7.524
1109,2024-01-14,5.071,188.91,96.41,7.554
1110,2024-01-15,5.095,189.02,96.66,7.493
1111,2024-01-16,5.039,188.98,96.52,7.476
1112,2024-01-17,5.1,188.91,96.36,7.488
1113,2024-01-18,5.14,188.86,96.66,7.508
1114,2024-01-19,5.094,188.8,96.69,7.55
1115,2024-01-20,5.047,188.86,96.42,7.547
1116,2024-01-21,5.095,188.81,96.72,7.44
1117,2024-01-22,5.048,188.75,96.49,7.568
1118,2024-01-23,5.063,188.95,96.53,7.538
1119,2024-01-24,5.049,188.9,96.71,7.616
1120,2024-01-25,5.132,188.84,96.84,7.607
1121,2024-01-26,5.019,188.82,96.65,7.479
1122,2024-01-27,5.083,188.77,96.98,7.429
1123,2024-01-28,5.09,189.0,96.69,7.451
1124,2024-01-29,5.033,188.88,96.55,7.51
1125,2024-01-30,5.03,188.98,96.72,7.509
1126,2024-01-31,5.172,188.86,96.55,7.473
1127,2024-02-01,5.08,189.39,96.53,7.999
1128,2024-02-02,5.062,189.44,96.73,8.16
1129,2024-02-03,5.188,189.48,96.98,8.138
1130,2024-02-04,5.175,189.59,96.89,8.135
1131,2024-02-05,5.08,189.4,96.63,8.131
1132,2024-02-06,5.054,189.38,96.23,8.186
1133,2024-02-07,5.079,189.45,96.99,8.115
1134,2024-02-08,5.162,189.28,97.18,8.154
1135,2024-02-09,5.1,189.54,96.47,8.086
1136,2024-02-10,5.162,189.21,96.81,8.127
1137,2024-02-11,5.188,189.24,97.02,8.072
1138,2024-02-12,5.068,189.28,96.48,8.12
1139,2024-02-13,5.034,189.47,96.57,8.039
1140,2024-02-14,5.064,189.43,96.64,8.102
1141,2024-02-15,5.125,189.51,96.64,8.048
1142,2024-02-16,5.094,189.45,96.41,8.055
1143,2024-02-17,5.054,189.38,96.55,8.135
1144,2024-02-18,5.01,189.24,96.63,8.091
1145,2024-02-19,5.017,189.34,96.62,8.08
1146,2024-02-20,5.098,189.33,97.0,8.124
1147,2024-02-21,5.05,189.41,96.72,8.161
1148,2024-02-22,5.06,189.48,96.71,8.175
1149,2024-02-23,5.155,189.42,96.65,8.125
1150,2024-02-24,5.081,189.57,96.72,8.08
1151,2024-02-25,5.067,189.28,96.81,8.059
1152,2024-02-26,5.145,189.27,96.73,8.158
1153,2024-02-27,4.982,189.6,96.61,8.107
1154,2024-02-28,5.119,189.47,96.75,8.15
1155,2024-02-29,5.116,189.58,96.8,8.198
1156,2024-03-01,4.895,189.92,95.22,7.571
1157,2024-03-02,4.925,190.1,94.91,7.566
1158,2024-03-03,4.881,190.07,95.02,7.622
1159,2024-03-04,4.897,189.88,94.68,7.621
1160,2024-03-05,4.861,190.2,94.63,7.602
1161,2024-03-06,4.909,189.87,94.82,7.583
1162,2024-03-07,4.804,190.13,94.95,7.652
1163,2024-03-08,4.843,190.19,94.87,7.596
1164,2024-03-09,4.815,190.04,94.87,7.598
1165,2024-03-10,4.798,189.93,94.87,7.573
1166,2024-03-11,4.867,190.22,94.44,7.598
1167,2024-03-12,4.841,190.14,94.95,7.534
1168,2024-03-13,4.878,190.2,94.66,7.593
1169,2024-03-14,4.871,190.13,94.82,7.628
1170,2024-03-15,4.801,190.2,94.93,7.609
1171,2024-03-16,4.775,190.09,94.74,7.543
1172,2024-03-17,4.832,189.96,94.82,7.608
1173,2024-03-18,4.768,190.14,94.69,7.626
1174,2024-03-19,4.83,190.02,94.55,7.573
1175,2024-03-20,4.851,190.11,94.66,7.579
1176,2024-03-21,4.832,190.35,94.55,7.572
1177,2024-03-22,5.015,190.14,94.42,7.642
1178,2024-03-23,4.804,190.19,94.66,7.578
1179,2024-03-24,4.93,190.16,94.89,7.622
1180,2024-03-25,4.828,190.16,94.94,7.607
1181,2024-03-26,4.94,190.19,94.74,7.613
1182,2024-03-27,4.857,189.97,94.68,7.611
1183,2024-03-28,4.829,190.13,94.7,7.639
1184,2024-03-29,4.883,190.12,94.43,7.69
1185,2024-03-30,4.843,190.09,94.63,7.576
1186,2024-03-31,4.927,190.24,94.79,7.595
1187,2024-04-01,4.861,190.81,94.66,8.417
1188,2024-04-02,4.808,190.83,94.74,8.43
1189,2024-04-03,4.799,190.87,94.52,8.371
1190,2024-04-04,4.804,190.69,94.9,8.352
1191,2024-04-05,4.795,190.93,94.59,8.391
1192,2024-04-06,4.779,190.88,94.87,8.437
1193,2024-04-07,4.857,190.81,94.6,8.359
1194,2024-04-08,4.894,190.88,94.56,8.402
1195,2024-04-09,4.815,190.69,94.74,8.379
1196,2024-04-10,4.782,190.65,94.39,8.381
1197,2024-04-11,4.826,190.71,94.83,8.397
1198,2024-04-12,4.859,190.78,94.54,8.406
1199,2024-04-13,4.767,190.85,94.51,8.446
1200,2024-04-14,4.813,190.91,94.48,8.366
1201,2024-04-15,4.849,190.92,95.03,8.402
1202,2024-04-16,4.922,190.77,94.92,8.353
1203,2024-04-17,4.851,190.57,94.48,8.423
1204,2024-04-18,4.764,190.84,94.88,8.375
1205,2024-04-19,4.782,190.75,94.51,8.395
1206,2024-04-20,4.835,190.77,95.03,8.364
1207,2024-04-21,4.9,190.7,94.71,8.459
1208,2024-04-22,4.887,190.76,94.81,8.421
1209,2024-04-23,4.803,190.86,95.07,8.424
1210,2024-04-24,4.858,190.87,94.41,8.423
1211,2024-04-25,4.779,190.74,95.13,8.387
1212,2024-04-26,4.793,190.92,94.51,8.378
1213,2024-04-27,4.892,190.8,94.39,8.427
1214,2024-04-28,4.81,190.95,94.58,8.453
1215,2024-04-29,4.919,190.71,94.66,8.419
1216,2024-04-30,4.787,190.83,94.66,8.388
1217,2024-05-01,4.752,191.51,94.73,7.47
1218,2024-05-02,4.722,191.49,94.69,7.478
1219,2024-05-03,4.766,191.32,94.55,7.486
1220,2024-05-04,4.707,191.66,94.7,7.509
1221,2024-05-05,4.726,191.5,94.46,7.492
1222,2024-05-06,4.703,191.47,94.19,7.444
1223,2024-05-07,4.823,191.58,94.96,7.569
1224,2024-05-08,4.784,191.45,94.49,7.557
1225,2024-05-09,4.753,191.75,94.63,7.599
1226,2024-05-10,4.742,191.63,95.04,7.449
1227,2024-05-11,4.726,191.4,94.45,7.533
1228,2024-05-12,4.74,191.51,94.81,7.407
1229,2024-05-13,4.814,191.47,94.81,7.531
1230,2024-05-14,4.819,191.49,94.28,7.503
1231,2024-05-15,4.76,191.4,94.73,7.482
1232,2024-05-16,4.683,191.57,94.59,7.48
1233,2024-05-17,4.727,191.62,94.69,7.504
1234,2024-05-18,4.728,191.55,94.97,7.532
1235,2024-05-19,4.784,191.56,94.42,7.456
1236,2024-05-20,4.74,191.43,94.49,7.406
1237,2024-05-21,4.683,191.47,94.69,7.46
1238,2024-05-22,4.754,191.46,94.92,7.492
1239,2024-05-23,4.785,191.52,94.42,7.495
1240,2024-05-24,4.688,191.49,94.55,7.519
1241,2024-05-25,4.683,191.5,94.81,7.545
1242,2024-05-26,4.712,191.5,94.74,7.577
1243,2024-05-27,4.676,191.41,95.26,7.486
1244,2024-05-28,4.655,191.44,94.15,7.512
1245,2024-05-29,4.79,191.41,94.61,7.546
1246,2024-05-30,4.662,191.37,94.65,7.462
1247,2024-05-31,4.735,191.37,94.74,7.493
1248,2024-06-01,5.107,192.32,94.74,7.728
1249,2024-06-02,5.105,192.27,94.67,7.852
1250,2024-06-03,5.044,192.44,94.99,7.838
1251,2024-06-04,5.031,192.08,94.92,7.806
1252,2024-06-05,5.043,192.42,94.53,7.779
1253,2024-06-06,5.106,192.19,94.68,7.854
1254,2024-06-07,5.091,192.42,94.93,7.8
1255,2024-06-08,4.963,192.19,94.85,7.722
1256,2024-06-09,5.064,192.33,94.99,7.771
1257,2024-06-10,5.048,192.29,94.77,7.792
1258,2024-06-11,5.132,192.22,94.72,7.822
1259,2024-06-12,5.06,192.38,94.73,7.839
1260,2024-06-13,5.09,192.34,94.57,7.768
1261,2024-06-14,5.141,192.36,94.5,7.809
1262,2024-06-15,4.961,192.24,94.89,7.794
1263,2024-06-16,5.086,192.0,94.62,7.817
1264,2024-06-17,5.103,192.4,94.66,7.792
1265,2024-06-18,5.013,192.28,94.45,7.708
1266,2024-06-19,5.026,192.45,94.65,7.811
1267,2024-06-20,5.054,192.12,94.89,7.691
1268,2024-06-21,5.052,192.29,94.75,7.764
1269,2024-06-22,4.988,192.22,94.55,7.761
1270,2024-06-23,5.129,192.18,94.76,7.808
1271,2024-06-24,5.128,192.29,94.86,7.791
1272,2024-06-25,5.102,192.15,94.17,7.819
1273,2024-06-26,5.102,192.35,94.6,7.874
1274,2024-06-27,5.057,192.34,94.82,7.886
1275,2024-06-28,5.064,192.23,94.4,7.878
1276,2024-06-29,5.101,192.35,95.32,7.816
1277,2024-06-30,5.015,192.28,94.51,7.78
1278,2024-07-01,3.52,192.84,94.42,7.98
1279,2024-07-02,3.555,192.88,94.85,7.924
1280,2024-07-03,3.554,192.97,94.73,7.934
1281,2024-07-04,3.578,192.92,94.66,7.977
1282,2024-07-05,3.516,192.94,94.78,7.87
1283,2024-07-06,3.5,192.86,94.6,7.827
1284,2024-07-07,3.507,192.93,94.95,7.928
1285,2024-07-08,3.41,192.96,94.59,7.923
1286,2024-07-09,3.539,192.88,94.68,7.899
1287,2024-07-10,3.607,192.9,94.92,7.947
1288,2024-07-11,3.573,192.72,94.92,7.877
1289,2024-07-12,3.576,192.8,94.46,7.999
1290,2024-07-13,3.492,193.01,94.72,7.879
1291,2024-07-14,3.538,192.77,94.7,7.846
1292,2024-07-15,3.52,192.99,94.75,7.826
1293,2024-07-16,3.583,192.9,94.59,7.937
1294,2024-07-17,3.532,192.78,95.07,7.899
1295,2024-07-18,3.536,192.86,94.94,7.874
1296,2024-07-19,3.463,192.83,94.97,7.942
1297,2024-07-20,3.527,193.04,94.85,7.887
1298,2024-07-21,3.532,192.93,94.53,7.9
1299,2024-07-22,3.555,192.73,94.66,7.885
1300,2024-07-23,3.591,192.72,94.62,7.876
1301,2024-07-24,3.588,192.9,95.06,7.933
1302,2024-07-25,3.519,192.92,94.63,7.943
1303,2024-07-26,3.473,192.82,94.79,7.961
1304,2024-07-27,3.43,193.04,94.67,7.806
1305,2024-07-28,3.39,192.75,94.7,7.897
1306,2024-07-29,3.572,192.85,94.48,7.879
1307,2024-07-30,3.542,192.92,94.54,7.945
1308,2024-07-31,3.509,192.81,94.59,7.954
1309,2024-08-01,3.643,193.33,94.89,7.907
1310,2024-08-02,3.66,193.52,94.91,7.77
1311,2024-08-03,3.651,193.27,94.66,7.769
1312,2024-08-04,3.63,193.33,94.64,7.827
1313,2024-08-05,3.644,193.21,94.55,7.724
1314,2024-08-06,3.662,193.45,94.75,7.761
1315,2024-08-07,3.662,193.35,94.47,7.837
1316,2024-08-08,3.691,193.49,94.58,7.859
1317,2024-08-09,3.625,193.47,94.6,7.789
1318,2024-08-10,3.529,193.37,94.72,7.779
1319,2024-08-11,3.738,193.28,94.59,7.755
1320,2024-08-12,3.622,193.5,95.0,7.765
1321,2024-08-13,3.614,193.28,94.96,7.856
1322,2024-08-14,3.645,193.26,94.44,7.809
1323,2024-08-15,3.677,193.19,94.64,7.881
1324,2024-08-16,3.639,193.55,94.83,7.746
1325,2024-08-17,3.635,193.39,94.51,7.752
1326,2024-08-18,3.725,193.3,94.92,7.778
1327,2024-08-19,3.649,193.46,94.58,7.828
1328,2024-08-20,3.548,193.44,94.21,7.789
1329,2024-08-21,3.693,193.46,94.44,7.742
1330,2024-08-22,3.616,193.42,94.29,7.799
1331,2024-08-23,3.666,193.37,94.81,7.811
1332,2024-08-24,3.623,193.21,94.73,7.752
1333,2024-08-25,3.621,193.45,94.98,7.798
1334,2024-08-26,3.678,193.26,94.75,7.797
1335,2024-08-27,3.711,193.35,94.65,7.853
1336,2024-08-28,3.645,193.29,95.21,7.746
1337,2024-08-29,3.647,193.43,94.75,7.791
1338,2024-08-30,3.641,193.38,94.48,7.908
1339,2024-08-31,3.639,193.46,94.63,7.782
1340,2024-09-01,5.467,194.05,94.67,7.87
1341,2024-09-02,5.549,194.08,94.58,7.845
1342,2024-09-03,5.562,194.11,94.81,7.939
1343,2024-09-04,5.483,194.06,94.43,7.933
1344,2024-09-05,5.427,194.24,94.72,7.909
1345,2024-09-06,5.514,194.11,94.5,7.926
1346,2024-09-07,5.459,193.92,94.83,7.838
1347,2024-09-08,5.513,194.34,94.7,7.94
1348,2024-09-09,5.498,194.36,94.49,7.89
1349,2024-09-10,5.524,194.18,94.93,7.868
1350,2024-09-11,5.593,194.41,94.76,7.918
1351,2024-09-12,5.55,194.08,94.44,7.953
1352,2024-09-13,5.504,194.18,94.7,7.771
1353,2024-09-14,5.48,194.12,94.88,7.94
1354,2024-09-15,5.519,194.24,94.4,7.92
1355,2024-09-16,5.521,194.32,95.12,7.805
1356,2024-09-17,5.471,194.13,94.73,7.891
1357,2024-09-18,5.478,194.3,94.48,7.838
1358,2024-09-19,5.439,194.16,94.45,7.888
1359,2024-09-20,5.482,194.12,94.87,7.887
1360,2024-09-21,5.543,194.18,94.7,7.862
1361,2024-09-22,5.49,194.27,94.62,7.916
1362,2024-09-23,5.449,194.28,94.58,7.933
1363,2024-09-24,5.493,194.35,94.47,7.816
1364,2024-09-25,5.459,194.06,94.42,7.921
1365,2024-09-26,5.49,194.15,94.62,7.86
1366,2024-09-27,5.573,194.13,94.44,7.93
1367,2024-09-28,5.479,194.4,94.59,7.932
1368,2024-09-29,5.544,194.15,94.55,7.927
1369,2024-09-30,5.519,194.06,94.47,7.763
1370,2024-10-01,6.24,195.07,94.67,7.715
1371,2024-10-02,6.155,195.05,94.57,7.806
1372,2024-10-03,6.239,195.33,94.7,7.856
1373,2024-10-04,6.169,194.93,94.63,7.72
1374,2024-10-05,6.211,195.02,94.31,7.887
1375,2024-10-06,6.183,194.94,94.88,7.764
1376,2024-10-07,6.265,195.03,94.59,7.817
1377,2024-10-08,6.24,195.18,94.68,7.826
1378,2024-10-09,6.247,195.12,94.67,7.728
1379,2024-10-10,6.24,195.1,94.62,7.864
1380,2024-10-11,6.139,195.26,94.7,7.816
1381,2024-10-12,6.19,194.93,94.67,7.817
1382,2024-10-13,6.244,195.08,94.26,7.723
1383,2024-10-14,6.313,194.99,94.99,7.753
1384,2024-10-15,6.201,195.16,94.54,7.88
1385,2024-10-16,6.214,195.15,94.65,7.833
1386,2024-10-17,6.289,195.09,95.05,7.769
1387,2024-10-18,6.248,195.15,94.49,7.811
1388,2024-10-19,6.21,195.01,94.77,7.807
1389,2024-10-20,6.206,195.09,94.68,7.782
1390,2024-10-21,6.217,195.04,95.23,7.73
1391,2024-10-22,6.181,195.05,95.11,7.734
1392,2024-10-23,6.231,195.12,94.77,7.862
1393,2024-10-24,6.271,195.05,94.74,7.707
1394,2024-10-25,6.215,195.02,94.66,7.716
1395,2024-10-26,6.23,194.93,94.73,7.739
1396,2024-10-27,6.168,195.22,94.82,7.857
1397,2024-10-28,6.288,195.02,95.0,7.727
1398,2024-10-29,6.247,195.05,94.51,7.831
1399,2024-10-30,6.257,195.19,94.74,7.807
1400,2024-10-31,6.236,195.13,94.81,7.81
1401,2024-11-01,5.522,195.64,94.67,7.931
1402,2024-11-02,5.494,195.96,94.61,8.006
1403,2024-11-03,5.518,195.59,94.6,8.018
1404,2024-11-04,5.335,195.7,94.92,8.05
1405,2024-11-05,5.499,195.89,94.74,8.028
1406,2024-11-06,5.464,195.81,94.57,8.063
1407,2024-11-07,5.556,195.94,94.62,7.952
1408,2024-11-08,5.544,195.85,94.77,7.968
1409,2024-11-09,5.501,195.69,94.83,8.069
1410,2024-11-10,5.562,195.87,94.42,8.01
1411,2024-11-11,5.587,195.71,94.69,8.071
1412,2024-11-12,5.511,196.05,94.55,7.951
1413,2024-11-13,5.541,195.68,94.66,7.997
1414,2024-11-14,5.532,195.86,94.79,7.98
1415,2024-11-15,5.541,196.2,94.84,8.005
1416,2024-11-16,5.415,195.74,94.66,7.973
1417,2024-11-17,5.479,195.98,94.95,7.992
1418,2024-11-18,5.42,195.93,94.69,7.914
1419,2024-11-19,5.516,195.9,94.21,7.959
1420,2024-11-20,5.474,195.87,94.6,7.958
1421,2024-11-21,5.516,195.75,94.81,7.944
1422,2024-11-22,5.412,195.88,94.75,8.046
1423,2024-11-23,5.453,195.72,94.97,7.924
1424,2024-11-24,5.543,195.93,94.87,7.966
1425,2024-11-25,5.439,195.78,94.44,7.952
1426,2024-11-26,5.512,195.86,94.49,8.034
1427,2024-11-27,5.503,195.95,94.81,8.053
1428,2024-11-28,5.504,195.9,94.44,7.994
1429,2024-11-29,5.478,195.78,94.79,8.032
1430,2024-11-30,5.5,195.78,94.55,8.055
1431,2024-12-01,5.237,196.2,94.66,7.913
1432,2024-12-02,5.222,196.28,94.59,8.079
1433,2024-12-03,5.162,196.37,95.14,8.054
1434,2024-12-04,5.218,196.19,94.43,7.979
1435,2024-12-05,5.186,196.23,94.63,7.995
1436,2024-12-06,5.244,196.18,94.56,7.992
1437,2024-12-07,5.21,196.48,94.75,7.919
1438,2024-12-08,5.241,196.35,94.67,7.939
1439,2024-12-09,5.308,196.19,94.83,8.01
1440,2024-12-10,5.25,196.47,94.81,7.972
1441,2024-12-11,5.275,196.24,94.73,7.935
1442,2024-12-12,5.168,196.31,94.77,7.915
1443,2024-12-13,5.245,196.22,94.96,7.982
1444,2024-12-14,5.164,196.31,94.52,8.063
1445,2024-12-15,5.22,196.28,94.82,7.95
1446,2024-12-16,5.156,196.34,94.48,7.945
1447,2024-12-17,5.262,196.35,94.45,7.969
1448,2024-12-18,5.175,196.48,94.88,7.979
1449,2024-12-19,5.249,196.16,94.57,8.005
1450,2024-12-20,5.243,196.29,94.75,8.004
1451,2024-12-21,5.212,196.27,94.61,8.012
1452,2024-12-22,5.241,196.32,94.46,7.95
1453,2024-12-23,5.24,196.45,94.73,7.979
1454,2024-12-24,5.231,196.19,94.96,8.009
1455,2024-12-25,5.187,196.28,94.59,8.066
1456,2024-12-26,5.21,196.32,94.81,7.963
1457,2024-12-27,5.23,196.33,94.39,8.013
1458,2024-12-28,5.218,196.31,94.71,8.013
1459,2024-12-29,5.287,196.18,94.63,8.033
1460,2024-12-30,5.244,196.35,95.25,8.031
1461,2024-12-31,5.277,196.27,94.5,7.984
