promotion_id,product_id,store_id
1,74,4
1,74,7
1,74,13
1,74,16
1,74,6
1,74,20
1,74,3
1,74,17
1,74,25
1,74,11
1,74,21
1,74,23
1,74,24
1,106,4
1,106,7
1,106,13
1,106,16
1,106,6
1,106,20
1,106,3
1,106,17
1,106,25
1,106,11
1,106,21
1,106,23
1,106,24
1,186,4
1,186,7
1,186,13
1,186,16
1,186,6
1,186,20
1,186,3
1,186,17
1,186,25
1,186,11
1,186,21
1,186,23
1,186,24
1,187,4
1,187,7
1,187,13
1,187,16
1,187,6
1,187,20
1,187,3
1,187,17
1,187,25
1,187,11
1,187,21
1,187,23
1,187,24
1,75,4
1,75,7
1,75,13
1,75,16
1,75,6
1,75,20
1,75,3
1,75,17
1,75,25
1,75,11
1,75,21
1,75,23
1,75,24
1,98,4
1,98,7
1,98,13
1,98,16
1,98,6
1,98,20
1,98,3
1,98,17
1,98,25
1,98,11
1,98,21
1,98,23
1,98,24
1,100,4
1,100,7
1,100,13
1,100,16
1,100,6
1,100,20
1,100,3
1,100,17
1,100,25
1,100,11
1,100,21
1,100,23
1,100,24
1,97,4
1,97,7
1,97,13
1,97,16
1,97,6
1,97,20
1,97,3
1,97,17
1,97,25
1,97,11
1,97,21
1,97,23
1,97,24
1,101,4
1,101,7
1,101,13
1,101,16
1,101,6
1,101,20
1,101,3
1,101,17
1,101,25
1,101,11
1,101,21
1,101,23
1,101,24
1,96,4
1,96,7
1,96,13
1,96,16
1,96,6
1,96,20
1,96,3
1,96,17
1,96,25
1,96,11
1,96,21
1,96,23
1,96,24
1,81,4
1,81,7
1,81,13
1,81,16
1,81,6
1,81,20
1,81,3
1,81,17
1,81,25
1,81,11
1,81,21
1,81,23
1,81,24
1,107,4
1,107,7
1,107,13
1,107,16
1,107,6
1,107,20
1,107,3
1,107,17
1,107,25
1,107,11
1,107,21
1,107,23
1,107,24
2,187,23
2,187,9
2,187,6
2,187,15
2,187,21
2,187,10
2,187,11
2,187,16
2,187,20
2,82,23
2,82,9
2,82,6
2,82,15
2,82,21
2,82,10
2,82,11
2,82,16
2,82,20
2,185,23
2,185,9
2,185,6
2,185,15
2,185,21
2,185,10
2,185,11
2,185,16
2,185,20
2,72,23
2,72,9
2,72,6
2,72,15
2,72,21
2,72,10
2,72,11
2,72,16
2,72,20
2,80,23
2,80,9
2,80,6
2,80,15
2,80,21
2,80,10
2,80,11
2,80,16
2,80,20
2,105,23
2,105,9
2,105,6
2,105,15
2,105,21
2,105,10
2,105,11
2,105,16
2,105,20
2,128,23
2,128,9
2,128,6
2,128,15
2,128,21
2,128,10
2,128,11
2,128,16
2,128,20
2,183,23
2,183,9
2,183,6
2,183,15
2,183,21
2,183,10
2,183,11
2,183,16
2,183,20
2,126,23
2,126,9
2,126,6
2,126,15
2,126,21
2,126,10
2,126,11
2,126,16
2,126,20
2,98,23
2,98,9
2,98,6
2,98,15
2,98,21
2,98,10
2,98,11
2,98,16
2,98,20
2,71,23
2,71,9
2,71,6
2,71,15
2,71,21
2,71,10
2,71,11
2,71,16
2,71,20
2,83,23
2,83,9
2,83,6
2,83,15
2,83,21
2,83,10
2,83,11
2,83,16
2,83,20
2,106,23
2,106,9
2,106,6
2,106,15
2,106,21
2,106,10
2,106,11
2,106,16
2,106,20
3,185,6
3,185,7
3,185,17
3,185,18
3,185,20
3,185,1
3,185,24
3,185,3
3,185,10
3,185,4
3,185,22
3,111,6
3,111,7
3,111,17
3,111,18
3,111,20
3,111,1
3,111,24
3,111,3
3,111,10
3,111,4
3,111,22
3,186,6
3,186,7
3,186,17
3,186,18
3,186,20
3,186,1
3,186,24
3,186,3
3,186,10
3,186,4
3,186,22
3,110,6
3,110,7
3,110,17
3,110,18
3,110,20
3,110,1
3,110,24
3,110,3
3,110,10
3,110,4
3,110,22
3,74,6
3,74,7
3,74,17
3,74,18
3,74,20
3,74,1
3,74,24
3,74,3
3,74,10
3,74,4
3,74,22
3,71,6
3,71,7
3,71,17
3,71,18
3,71,20
3,71,1
3,71,24
3,71,3
3,71,10
3,71,4
3,71,22
3,182,6
3,182,7
3,182,17
3,182,18
3,182,20
3,182,1
3,182,24
3,182,3
3,182,10
3,182,4
3,182,22
3,126,6
3,126,7
3,126,17
3,126,18
3,126,20
3,126,1
3,126,24
3,126,3
3,126,10
3,126,4
3,126,22
3,187,6
3,187,7
3,187,17
3,187,18
3,187,20
3,187,1
3,187,24
3,187,3
3,187,10
3,187,4
3,187,22
3,107,6
3,107,7
3,107,17
3,107,18
3,107,20
3,107,1
3,107,24
3,107,3
3,107,10
3,107,4
3,107,22
3,80,6
3,80,7
3,80,17
3,80,18
3,80,20
3,80,1
3,80,24
3,80,3
3,80,10
3,80,4
3,80,22
3,82,6
3,82,7
3,82,17
3,82,18
3,82,20
3,82,1
3,82,24
3,82,3
3,82,10
3,82,4
3,82,22
3,100,6
3,100,7
3,100,17
3,100,18
3,100,20
3,100,1
3,100,24
3,100,3
3,100,10
3,100,4
3,100,22
3,184,6
3,184,7
3,184,17
3,184,18
3,184,20
3,184,1
3,184,24
3,184,3
3,184,10
3,184,4
3,184,22
3,183,6
3,183,7
3,183,17
3,183,18
3,183,20
3,183,1
3,183,24
3,183,3
3,183,10
3,183,4
3,183,22
4,71,4
4,71,17
4,71,24
4,71,6
4,71,1
4,71,21
4,71,14
4,71,23
4,71,25
4,71,16
4,71,9
4,188,4
4,188,17
4,188,24
4,188,6
4,188,1
4,188,21
4,188,14
4,188,23
4,188,25
4,188,16
4,188,9
4,184,4
4,184,17
4,184,24
4,184,6
4,184,1
4,184,21
4,184,14
4,184,23
4,184,25
4,184,16
4,184,9
4,82,4
4,82,17
4,82,24
4,82,6
4,82,1
4,82,21
4,82,14
4,82,23
4,82,25
4,82,16
4,82,9
4,106,4
4,106,17
4,106,24
4,106,6
4,106,1
4,106,21
4,106,14
4,106,23
4,106,25
4,106,16
4,106,9
4,183,4
4,183,17
4,183,24
4,183,6
4,183,1
4,183,21
4,183,14
4,183,23
4,183,25
4,183,16
4,183,9
4,105,4
4,105,17
4,105,24
4,105,6
4,105,1
4,105,21
4,105,14
4,105,23
4,105,25
4,105,16
4,105,9
4,74,4
4,74,17
4,74,24
4,74,6
4,74,1
4,74,21
4,74,14
4,74,23
4,74,25
4,74,16
4,74,9
4,128,4
4,128,17
4,128,24
4,128,6
4,128,1
4,128,21
4,128,14
4,128,23
4,128,25
4,128,16
4,128,9
4,75,4
4,75,17
4,75,24
4,75,6
4,75,1
4,75,21
4,75,14
4,75,23
4,75,25
4,75,16
4,75,9
4,95,4
4,95,17
4,95,24
4,95,6
4,95,1
4,95,21
4,95,14
4,95,23
4,95,25
4,95,16
4,95,9
4,73,4
4,73,17
4,73,24
4,73,6
4,73,1
4,73,21
4,73,14
4,73,23
4,73,25
4,73,16
4,73,9
4,101,4
4,101,17
4,101,24
4,101,6
4,101,1
4,101,21
4,101,14
4,101,23
4,101,25
4,101,16
4,101,9
4,104,4
4,104,17
4,104,24
4,104,6
4,104,1
4,104,21
4,104,14
4,104,23
4,104,25
4,104,16
4,104,9
4,100,4
4,100,17
4,100,24
4,100,6
4,100,1
4,100,21
4,100,14
4,100,23
4,100,25
4,100,16
4,100,9
5,97,23
5,97,10
5,97,14
5,97,20
5,97,6
5,97,18
5,97,19
5,97,5
5,97,13
5,97,16
5,97,4
5,97,22
5,97,15
5,97,12
5,97,24
5,86,23
5,86,10
5,86,14
5,86,20
5,86,6
5,86,18
5,86,19
5,86,5
5,86,13
5,86,16
5,86,4
5,86,22
5,86,15
5,86,12
5,86,24
5,110,23
5,110,10
5,110,14
5,110,20
5,110,6
5,110,18
5,110,19
5,110,5
5,110,13
5,110,16
5,110,4
5,110,22
5,110,15
5,110,12
5,110,24
5,95,23
5,95,10
5,95,14
5,95,20
5,95,6
5,95,18
5,95,19
5,95,5
5,95,13
5,95,16
5,95,4
5,95,22
5,95,15
5,95,12
5,95,24
5,88,23
5,88,10
5,88,14
5,88,20
5,88,6
5,88,18
5,88,19
5,88,5
5,88,13
5,88,16
5,88,4
5,88,22
5,88,15
5,88,12
5,88,24
5,81,23
5,81,10
5,81,14
5,81,20
5,81,6
5,81,18
5,81,19
5,81,5
5,81,13
5,81,16
5,81,4
5,81,22
5,81,15
5,81,12
5,81,24
5,100,23
5,100,10
5,100,14
5,100,20
5,100,6
5,100,18
5,100,19
5,100,5
5,100,13
5,100,16
5,100,4
5,100,22
5,100,15
5,100,12
5,100,24
5,106,23
5,106,10
5,106,14
5,106,20
5,106,6
5,106,18
5,106,19
5,106,5
5,106,13
5,106,16
5,106,4
5,106,22
5,106,15
5,106,12
5,106,24
6,91,22
6,91,13
6,91,10
6,91,23
6,91,25
6,91,8
6,91,16
6,91,4
6,91,11
6,104,22
6,104,13
6,104,10
6,104,23
6,104,25
6,104,8
6,104,16
6,104,4
6,104,11
6,82,22
6,82,13
6,82,10
6,82,23
6,82,25
6,82,8
6,82,16
6,82,4
6,82,11
6,85,22
6,85,13
6,85,10
6,85,23
6,85,25
6,85,8
6,85,16
6,85,4
6,85,11
6,111,22
6,111,13
6,111,10
6,111,23
6,111,25
6,111,8
6,111,16
6,111,4
6,111,11
6,80,22
6,80,13
6,80,10
6,80,23
6,80,25
6,80,8
6,80,16
6,80,4
6,80,11
6,107,22
6,107,13
6,107,10
6,107,23
6,107,25
6,107,8
6,107,16
6,107,4
6,107,11
6,106,22
6,106,13
6,106,10
6,106,23
6,106,25
6,106,8
6,106,16
6,106,4
6,106,11
6,86,22
6,86,13
6,86,10
6,86,23
6,86,25
6,86,8
6,86,16
6,86,4
6,86,11
6,108,22
6,108,13
6,108,10
6,108,23
6,108,25
6,108,8
6,108,16
6,108,4
6,108,11
6,112,22
6,112,13
6,112,10
6,112,23
6,112,25
6,112,8
6,112,16
6,112,4
6,112,11
6,93,22
6,93,13
6,93,10
6,93,23
6,93,25
6,93,8
6,93,16
6,93,4
6,93,11
6,81,22
6,81,13
6,81,10
6,81,23
6,81,25
6,81,8
6,81,16
6,81,4
6,81,11
7,2,9
7,2,4
7,2,1
7,2,24
7,2,11
7,2,6
7,2,18
7,2,14
7,2,7
7,2,20
7,100,9
7,100,4
7,100,1
7,100,24
7,100,11
7,100,6
7,100,18
7,100,14
7,100,7
7,100,20
7,5,9
7,5,4
7,5,1
7,5,24
7,5,11
7,5,6
7,5,18
7,5,14
7,5,7
7,5,20
7,120,9
7,120,4
7,120,1
7,120,24
7,120,11
7,120,6
7,120,18
7,120,14
7,120,7
7,120,20
7,22,9
7,22,4
7,22,1
7,22,24
7,22,11
7,22,6
7,22,18
7,22,14
7,22,7
7,22,20
7,103,9
7,103,4
7,103,1
7,103,24
7,103,11
7,103,6
7,103,18
7,103,14
7,103,7
7,103,20
7,119,9
7,119,4
7,119,1
7,119,24
7,119,11
7,119,6
7,119,18
7,119,14
7,119,7
7,119,20
7,101,9
7,101,4
7,101,1
7,101,24
7,101,11
7,101,6
7,101,18
7,101,14
7,101,7
7,101,20
7,12,9
7,12,4
7,12,1
7,12,24
7,12,11
7,12,6
7,12,18
7,12,14
7,12,7
7,12,20
7,102,9
7,102,4
7,102,1
7,102,24
7,102,11
7,102,6
7,102,18
7,102,14
7,102,7
7,102,20
7,8,9
7,8,4
7,8,1
7,8,24
7,8,11
7,8,6
7,8,18
7,8,14
7,8,7
7,8,20
7,105,9
7,105,4
7,105,1
7,105,24
7,105,11
7,105,6
7,105,18
7,105,14
7,105,7
7,105,20
7,121,9
7,121,4
7,121,1
7,121,24
7,121,11
7,121,6
7,121,18
7,121,14
7,121,7
7,121,20
8,141,13
8,141,7
8,141,22
8,141,17
8,141,4
8,141,10
8,141,16
8,95,13
8,95,7
8,95,22
8,95,17
8,95,4
8,95,10
8,95,16
8,164,13
8,164,7
8,164,22
8,164,17
8,164,4
8,164,10
8,164,16
8,148,13
8,148,7
8,148,22
8,148,17
8,148,4
8,148,10
8,148,16
8,94,13
8,94,7
8,94,22
8,94,17
8,94,4
8,94,10
8,94,16
8,91,13
8,91,7
8,91,22
8,91,17
8,91,4
8,91,10
8,91,16
8,98,13
8,98,7
8,98,22
8,98,17
8,98,4
8,98,10
8,98,16
8,88,13
8,88,7
8,88,22
8,88,17
8,88,4
8,88,10
8,88,16
8,80,13
8,80,7
8,80,22
8,80,17
8,80,4
8,80,10
8,80,16
8,89,13
8,89,7
8,89,22
8,89,17
8,89,4
8,89,10
8,89,16
9,120,24
9,120,5
9,120,10
9,120,11
9,120,18
9,120,23
9,120,12
9,120,1
9,120,3
9,3,24
9,3,5
9,3,10
9,3,11
9,3,18
9,3,23
9,3,12
9,3,1
9,3,3
9,118,24
9,118,5
9,118,10
9,118,11
9,118,18
9,118,23
9,118,12
9,118,1
9,118,3
9,15,24
9,15,5
9,15,10
9,15,11
9,15,18
9,15,23
9,15,12
9,15,1
9,15,3
9,123,24
9,123,5
9,123,10
9,123,11
9,123,18
9,123,23
9,123,12
9,123,1
9,123,3
9,19,24
9,19,5
9,19,10
9,19,11
9,19,18
9,19,23
9,19,12
9,19,1
9,19,3
9,17,24
9,17,5
9,17,10
9,17,11
9,17,18
9,17,23
9,17,12
9,17,1
9,17,3
9,21,24
9,21,5
9,21,10
9,21,11
9,21,18
9,21,23
9,21,12
9,21,1
9,21,3
9,5,24
9,5,5
9,5,10
9,5,11
9,5,18
9,5,23
9,5,12
9,5,1
9,5,3
9,16,24
9,16,5
9,16,10
9,16,11
9,16,18
9,16,23
9,16,12
9,16,1
9,16,3
9,121,24
9,121,5
9,121,10
9,121,11
9,121,18
9,121,23
9,121,12
9,121,1
9,121,3
10,83,25
10,83,21
10,83,1
10,83,2
10,83,16
10,83,9
10,83,24
10,83,3
10,83,13
10,83,22
10,83,12
10,83,5
10,109,25
10,109,21
10,109,1
10,109,2
10,109,16
10,109,9
10,109,24
10,109,3
10,109,13
10,109,22
10,109,12
10,109,5
10,96,25
10,96,21
10,96,1
10,96,2
10,96,16
10,96,9
10,96,24
10,96,3
10,96,13
10,96,22
10,96,12
10,96,5
10,128,25
10,128,21
10,128,1
10,128,2
10,128,16
10,128,9
10,128,24
10,128,3
10,128,13
10,128,22
10,128,12
10,128,5
10,111,25
10,111,21
10,111,1
10,111,2
10,111,16
10,111,9
10,111,24
10,111,3
10,111,13
10,111,22
10,111,12
10,111,5
10,81,25
10,81,21
10,81,1
10,81,2
10,81,16
10,81,9
10,81,24
10,81,3
10,81,13
10,81,22
10,81,12
10,81,5
10,72,25
10,72,21
10,72,1
10,72,2
10,72,16
10,72,9
10,72,24
10,72,3
10,72,13
10,72,22
10,72,12
10,72,5
10,97,25
10,97,21
10,97,1
10,97,2
10,97,16
10,97,9
10,97,24
10,97,3
10,97,13
10,97,22
10,97,12
10,97,5
11,115,23
11,115,16
11,115,21
11,115,9
11,115,19
11,115,18
11,115,17
11,115,12
11,115,15
11,115,25
11,115,7
11,115,8
11,115,20
11,115,5
11,106,23
11,106,16
11,106,21
11,106,9
11,106,19
11,106,18
11,106,17
11,106,12
11,106,15
11,106,25
11,106,7
11,106,8
11,106,20
11,106,5
11,108,23
11,108,16
11,108,21
11,108,9
11,108,19
11,108,18
11,108,17
11,108,12
11,108,15
11,108,25
11,108,7
11,108,8
11,108,20
11,108,5
11,102,23
11,102,16
11,102,21
11,102,9
11,102,19
11,102,18
11,102,17
11,102,12
11,102,15
11,102,25
11,102,7
11,102,8
11,102,20
11,102,5
11,131,23
11,131,16
11,131,21
11,131,9
11,131,19
11,131,18
11,131,17
11,131,12
11,131,15
11,131,25
11,131,7
11,131,8
11,131,20
11,131,5
12,105,2
12,105,18
12,105,24
12,105,6
12,105,5
12,105,7
12,105,3
12,105,12
12,105,8
12,136,2
12,136,18
12,136,24
12,136,6
12,136,5
12,136,7
12,136,3
12,136,12
12,136,8
12,133,2
12,133,18
12,133,24
12,133,6
12,133,5
12,133,7
12,133,3
12,133,12
12,133,8
12,112,2
12,112,18
12,112,24
12,112,6
12,112,5
12,112,7
12,112,3
12,112,12
12,112,8
12,106,2
12,106,18
12,106,24
12,106,6
12,106,5
12,106,7
12,106,3
12,106,12
12,106,8
12,135,2
12,135,18
12,135,24
12,135,6
12,135,5
12,135,7
12,135,3
12,135,12
12,135,8
12,114,2
12,114,18
12,114,24
12,114,6
12,114,5
12,114,7
12,114,3
12,114,12
12,114,8
12,109,2
12,109,18
12,109,24
12,109,6
12,109,5
12,109,7
12,109,3
12,109,12
12,109,8
12,107,2
12,107,18
12,107,24
12,107,6
12,107,5
12,107,7
12,107,3
12,107,12
12,107,8
12,116,2
12,116,18
12,116,24
12,116,6
12,116,5
12,116,7
12,116,3
12,116,12
12,116,8
12,132,2
12,132,18
12,132,24
12,132,6
12,132,5
12,132,7
12,132,3
12,132,12
12,132,8
12,130,2
12,130,18
12,130,24
12,130,6
12,130,5
12,130,7
12,130,3
12,130,12
12,130,8
13,103,17
13,103,1
13,103,3
13,103,11
13,103,8
13,103,24
13,103,6
13,103,13
13,103,21
13,103,25
13,103,5
13,103,2
13,103,23
13,103,22
13,103,19
13,134,17
13,134,1
13,134,3
13,134,11
13,134,8
13,134,24
13,134,6
13,134,13
13,134,21
13,134,25
13,134,5
13,134,2
13,134,23
13,134,22
13,134,19
13,112,17
13,112,1
13,112,3
13,112,11
13,112,8
13,112,24
13,112,6
13,112,13
13,112,21
13,112,25
13,112,5
13,112,2
13,112,23
13,112,22
13,112,19
13,101,17
13,101,1
13,101,3
13,101,11
13,101,8
13,101,24
13,101,6
13,101,13
13,101,21
13,101,25
13,101,5
13,101,2
13,101,23
13,101,22
13,101,19
13,131,17
13,131,1
13,131,3
13,131,11
13,131,8
13,131,24
13,131,6
13,131,13
13,131,21
13,131,25
13,131,5
13,131,2
13,131,23
13,131,22
13,131,19
13,132,17
13,132,1
13,132,3
13,132,11
13,132,8
13,132,24
13,132,6
13,132,13
13,132,21
13,132,25
13,132,5
13,132,2
13,132,23
13,132,22
13,132,19
13,135,17
13,135,1
13,135,3
13,135,11
13,135,8
13,135,24
13,135,6
13,135,13
13,135,21
13,135,25
13,135,5
13,135,2
13,135,23
13,135,22
13,135,19
13,136,17
13,136,1
13,136,3
13,136,11
13,136,8
13,136,24
13,136,6
13,136,13
13,136,21
13,136,25
13,136,5
13,136,2
13,136,23
13,136,22
13,136,19
13,114,17
13,114,1
13,114,3
13,114,11
13,114,8
13,114,24
13,114,6
13,114,13
13,114,21
13,114,25
13,114,5
13,114,2
13,114,23
13,114,22
13,114,19
13,113,17
13,113,1
13,113,3
13,113,11
13,113,8
13,113,24
13,113,6
13,113,13
13,113,21
13,113,25
13,113,5
13,113,2
13,113,23
13,113,22
13,113,19
13,102,17
13,102,1
13,102,3
13,102,11
13,102,8
13,102,24
13,102,6
13,102,13
13,102,21
13,102,25
13,102,5
13,102,2
13,102,23
13,102,22
13,102,19
13,110,17
13,110,1
13,110,3
13,110,11
13,110,8
13,110,24
13,110,6
13,110,13
13,110,21
13,110,25
13,110,5
13,110,2
13,110,23
13,110,22
13,110,19
13,117,17
13,117,1
13,117,3
13,117,11
13,117,8
13,117,24
13,117,6
13,117,13
13,117,21
13,117,25
13,117,5
13,117,2
13,117,23
13,117,22
13,117,19
14,41,22
14,41,11
14,41,16
14,41,2
14,41,6
14,41,17
14,41,24
14,41,8
14,41,25
14,41,21
14,41,13
14,54,22
14,54,11
14,54,16
14,54,2
14,54,6
14,54,17
14,54,24
14,54,8
14,54,25
14,54,21
14,54,13
14,8,22
14,8,11
14,8,16
14,8,2
14,8,6
14,8,17
14,8,24
14,8,8
14,8,25
14,8,21
14,8,13
14,16,22
14,16,11
14,16,16
14,16,2
14,16,6
14,16,17
14,16,24
14,16,8
14,16,25
14,16,21
14,16,13
14,19,22
14,19,11
14,19,16
14,19,2
14,19,6
14,19,17
14,19,24
14,19,8
14,19,25
14,19,21
14,19,13
14,5,22
14,5,11
14,5,16
14,5,2
14,5,6
14,5,17
14,5,24
14,5,8
14,5,25
14,5,21
14,5,13
14,9,22
14,9,11
14,9,16
14,9,2
14,9,6
14,9,17
14,9,24
14,9,8
14,9,25
14,9,21
14,9,13
14,52,22
14,52,11
14,52,16
14,52,2
14,52,6
14,52,17
14,52,24
14,52,8
14,52,25
14,52,21
14,52,13
14,3,22
14,3,11
14,3,16
14,3,2
14,3,6
14,3,17
14,3,24
14,3,8
14,3,25
14,3,21
14,3,13
15,3,12
15,3,20
15,3,23
15,3,17
15,3,3
15,3,25
15,3,16
15,3,13
15,3,5
15,3,7
15,3,9
15,9,12
15,9,20
15,9,23
15,9,17
15,9,3
15,9,25
15,9,16
15,9,13
15,9,5
15,9,7
15,9,9
15,1,12
15,1,20
15,1,23
15,1,17
15,1,3
15,1,25
15,1,16
15,1,13
15,1,5
15,1,7
15,1,9
15,41,12
15,41,20
15,41,23
15,41,17
15,41,3
15,41,25
15,41,16
15,41,13
15,41,5
15,41,7
15,41,9
15,2,12
15,2,20
15,2,23
15,2,17
15,2,3
15,2,25
15,2,16
15,2,13
15,2,5
15,2,7
15,2,9
15,23,12
15,23,20
15,23,23
15,23,17
15,23,3
15,23,25
15,23,16
15,23,13
15,23,5
15,23,7
15,23,9
15,20,12
15,20,20
15,20,23
15,20,17
15,20,3
15,20,25
15,20,16
15,20,13
15,20,5
15,20,7
15,20,9
15,51,12
15,51,20
15,51,23
15,51,17
15,51,3
15,51,25
15,51,16
15,51,13
15,51,5
15,51,7
15,51,9
15,54,12
15,54,20
15,54,23
15,54,17
15,54,3
15,54,25
15,54,16
15,54,13
15,54,5
15,54,7
15,54,9
15,6,12
15,6,20
15,6,23
15,6,17
15,6,3
15,6,25
15,6,16
15,6,13
15,6,5
15,6,7
15,6,9
15,55,12
15,55,20
15,55,23
15,55,17
15,55,3
15,55,25
15,55,16
15,55,13
15,55,5
15,55,7
15,55,9
15,46,12
15,46,20
15,46,23
15,46,17
15,46,3
15,46,25
15,46,16
15,46,13
15,46,5
15,46,7
15,46,9
15,22,12
15,22,20
15,22,23
15,22,17
15,22,3
15,22,25
15,22,16
15,22,13
15,22,5
15,22,7
15,22,9
15,10,12
15,10,20
15,10,23
15,10,17
15,10,3
15,10,25
15,10,16
15,10,13
15,10,5
15,10,7
15,10,9
16,106,22
16,106,10
16,106,6
16,106,1
16,106,20
16,106,8
16,106,11
16,106,16
16,105,22
16,105,10
16,105,6
16,105,1
16,105,20
16,105,8
16,105,11
16,105,16
16,108,22
16,108,10
16,108,6
16,108,1
16,108,20
16,108,8
16,108,11
16,108,16
16,182,22
16,182,10
16,182,6
16,182,1
16,182,20
16,182,8
16,182,11
16,182,16
16,73,22
16,73,10
16,73,6
16,73,1
16,73,20
16,73,8
16,73,11
16,73,16
16,187,22
16,187,10
16,187,6
16,187,1
16,187,20
16,187,8
16,187,11
16,187,16
16,185,22
16,185,10
16,185,6
16,185,1
16,185,20
16,185,8
16,185,11
16,185,16
17,75,17
17,75,10
17,75,4
17,75,12
17,75,22
17,75,13
17,75,21
17,75,20
17,75,2
17,75,7
17,75,5
17,75,19
17,75,6
17,75,8
17,187,17
17,187,10
17,187,4
17,187,12
17,187,22
17,187,13
17,187,21
17,187,20
17,187,2
17,187,7
17,187,5
17,187,19
17,187,6
17,187,8
17,95,17
17,95,10
17,95,4
17,95,12
17,95,22
17,95,13
17,95,21
17,95,20
17,95,2
17,95,7
17,95,5
17,95,19
17,95,6
17,95,8
17,101,17
17,101,10
17,101,4
17,101,12
17,101,22
17,101,13
17,101,21
17,101,20
17,101,2
17,101,7
17,101,5
17,101,19
17,101,6
17,101,8
17,104,17
17,104,10
17,104,4
17,104,12
17,104,22
17,104,13
17,104,21
17,104,20
17,104,2
17,104,7
17,104,5
17,104,19
17,104,6
17,104,8
17,103,17
17,103,10
17,103,4
17,103,12
17,103,22
17,103,13
17,103,21
17,103,20
17,103,2
17,103,7
17,103,5
17,103,19
17,103,6
17,103,8
17,71,17
17,71,10
17,71,4
17,71,12
17,71,22
17,71,13
17,71,21
17,71,20
17,71,2
17,71,7
17,71,5
17,71,19
17,71,6
17,71,8
17,73,17
17,73,10
17,73,4
17,73,12
17,73,22
17,73,13
17,73,21
17,73,20
17,73,2
17,73,7
17,73,5
17,73,19
17,73,6
17,73,8
18,102,7
18,102,12
18,102,20
18,102,3
18,102,2
18,102,17
18,102,18
18,102,4
18,102,6
18,102,11
18,102,5
18,102,14
18,102,22
18,102,25
18,186,7
18,186,12
18,186,20
18,186,3
18,186,2
18,186,17
18,186,18
18,186,4
18,186,6
18,186,11
18,186,5
18,186,14
18,186,22
18,186,25
18,104,7
18,104,12
18,104,20
18,104,3
18,104,2
18,104,17
18,104,18
18,104,4
18,104,6
18,104,11
18,104,5
18,104,14
18,104,22
18,104,25
18,99,7
18,99,12
18,99,20
18,99,3
18,99,2
18,99,17
18,99,18
18,99,4
18,99,6
18,99,11
18,99,5
18,99,14
18,99,22
18,99,25
18,101,7
18,101,12
18,101,20
18,101,3
18,101,2
18,101,17
18,101,18
18,101,4
18,101,6
18,101,11
18,101,5
18,101,14
18,101,22
18,101,25
18,75,7
18,75,12
18,75,20
18,75,3
18,75,2
18,75,17
18,75,18
18,75,4
18,75,6
18,75,11
18,75,5
18,75,14
18,75,22
18,75,25
18,182,7
18,182,12
18,182,20
18,182,3
18,182,2
18,182,17
18,182,18
18,182,4
18,182,6
18,182,11
18,182,5
18,182,14
18,182,22
18,182,25
18,108,7
18,108,12
18,108,20
18,108,3
18,108,2
18,108,17
18,108,18
18,108,4
18,108,6
18,108,11
18,108,5
18,108,14
18,108,22
18,108,25
18,95,7
18,95,12
18,95,20
18,95,3
18,95,2
18,95,17
18,95,18
18,95,4
18,95,6
18,95,11
18,95,5
18,95,14
18,95,22
18,95,25
18,109,7
18,109,12
18,109,20
18,109,3
18,109,2
18,109,17
18,109,18
18,109,4
18,109,6
18,109,11
18,109,5
18,109,14
18,109,22
18,109,25
18,183,7
18,183,12
18,183,20
18,183,3
18,183,2
18,183,17
18,183,18
18,183,4
18,183,6
18,183,11
18,183,5
18,183,14
18,183,22
18,183,25
19,103,5
19,103,11
19,103,16
19,103,23
19,103,14
19,103,18
19,103,25
19,103,21
19,103,13
19,110,5
19,110,11
19,110,16
19,110,23
19,110,14
19,110,18
19,110,25
19,110,21
19,110,13
19,111,5
19,111,11
19,111,16
19,111,23
19,111,14
19,111,18
19,111,25
19,111,21
19,111,13
19,107,5
19,107,11
19,107,16
19,107,23
19,107,14
19,107,18
19,107,25
19,107,21
19,107,13
19,72,5
19,72,11
19,72,16
19,72,23
19,72,14
19,72,18
19,72,25
19,72,21
19,72,13
19,126,5
19,126,11
19,126,16
19,126,23
19,126,14
19,126,18
19,126,25
19,126,21
19,126,13
19,82,5
19,82,11
19,82,16
19,82,23
19,82,14
19,82,18
19,82,25
19,82,21
19,82,13
19,183,5
19,183,11
19,183,16
19,183,23
19,183,14
19,183,18
19,183,25
19,183,21
19,183,13
19,102,5
19,102,11
19,102,16
19,102,23
19,102,14
19,102,18
19,102,25
19,102,21
19,102,13
20,81,14
20,81,5
20,81,4
20,81,17
20,81,11
20,81,8
20,81,9
20,99,14
20,99,5
20,99,4
20,99,17
20,99,11
20,99,8
20,99,9
20,73,14
20,73,5
20,73,4
20,73,17
20,73,11
20,73,8
20,73,9
20,127,14
20,127,5
20,127,4
20,127,17
20,127,11
20,127,8
20,127,9
20,110,14
20,110,5
20,110,4
20,110,17
20,110,11
20,110,8
20,110,9
20,186,14
20,186,5
20,186,4
20,186,17
20,186,11
20,186,8
20,186,9
21,183,22
21,183,8
21,183,4
21,183,9
21,183,23
21,183,25
21,183,18
21,183,12
21,183,24
21,183,21
21,183,19
21,183,1
21,183,20
21,183,11
21,183,15
21,182,22
21,182,8
21,182,4
21,182,9
21,182,23
21,182,25
21,182,18
21,182,12
21,182,24
21,182,21
21,182,19
21,182,1
21,182,20
21,182,11
21,182,15
21,108,22
21,108,8
21,108,4
21,108,9
21,108,23
21,108,25
21,108,18
21,108,12
21,108,24
21,108,21
21,108,19
21,108,1
21,108,20
21,108,11
21,108,15
21,187,22
21,187,8
21,187,4
21,187,9
21,187,23
21,187,25
21,187,18
21,187,12
21,187,24
21,187,21
21,187,19
21,187,1
21,187,20
21,187,11
21,187,15
21,186,22
21,186,8
21,186,4
21,186,9
21,186,23
21,186,25
21,186,18
21,186,12
21,186,24
21,186,21
21,186,19
21,186,1
21,186,20
21,186,11
21,186,15
21,74,22
21,74,8
21,74,4
21,74,9
21,74,23
21,74,25
21,74,18
21,74,12
21,74,24
21,74,21
21,74,19
21,74,1
21,74,20
21,74,11
21,74,15
21,111,22
21,111,8
21,111,4
21,111,9
21,111,23
21,111,25
21,111,18
21,111,12
21,111,24
21,111,21
21,111,19
21,111,1
21,111,20
21,111,11
21,111,15
21,101,22
21,101,8
21,101,4
21,101,9
21,101,23
21,101,25
21,101,18
21,101,12
21,101,24
21,101,21
21,101,19
21,101,1
21,101,20
21,101,11
21,101,15
21,75,22
21,75,8
21,75,4
21,75,9
21,75,23
21,75,25
21,75,18
21,75,12
21,75,24
21,75,21
21,75,19
21,75,1
21,75,20
21,75,11
21,75,15
21,102,22
21,102,8
21,102,4
21,102,9
21,102,23
21,102,25
21,102,18
21,102,12
21,102,24
21,102,21
21,102,19
21,102,1
21,102,20
21,102,11
21,102,15
21,128,22
21,128,8
21,128,4
21,128,9
21,128,23
21,128,25
21,128,18
21,128,12
21,128,24
21,128,21
21,128,19
21,128,1
21,128,20
21,128,11
21,128,15
21,80,22
21,80,8
21,80,4
21,80,9
21,80,23
21,80,25
21,80,18
21,80,12
21,80,24
21,80,21
21,80,19
21,80,1
21,80,20
21,80,11
21,80,15
21,129,22
21,129,8
21,129,4
21,129,9
21,129,23
21,129,25
21,129,18
21,129,12
21,129,24
21,129,21
21,129,19
21,129,1
21,129,20
21,129,11
21,129,15
22,188,23
22,188,10
22,188,7
22,188,6
22,188,1
22,188,13
22,188,14
22,188,11
22,188,18
22,188,22
22,188,16
22,101,23
22,101,10
22,101,7
22,101,6
22,101,1
22,101,13
22,101,14
22,101,11
22,101,18
22,101,22
22,101,16
22,184,23
22,184,10
22,184,7
22,184,6
22,184,1
22,184,13
22,184,14
22,184,11
22,184,18
22,184,22
22,184,16
22,95,23
22,95,10
22,95,7
22,95,6
22,95,1
22,95,13
22,95,14
22,95,11
22,95,18
22,95,22
22,95,16
22,111,23
22,111,10
22,111,7
22,111,6
22,111,1
22,111,13
22,111,14
22,111,11
22,111,18
22,111,22
22,111,16
22,97,23
22,97,10
22,97,7
22,97,6
22,97,1
22,97,13
22,97,14
22,97,11
22,97,18
22,97,22
22,97,16
22,127,23
22,127,10
22,127,7
22,127,6
22,127,1
22,127,13
22,127,14
22,127,11
22,127,18
22,127,22
22,127,16
23,90,5
23,90,15
23,90,4
23,90,9
23,90,16
23,90,21
23,90,22
23,90,17
23,90,23
23,104,5
23,104,15
23,104,4
23,104,9
23,104,16
23,104,21
23,104,22
23,104,17
23,104,23
23,84,5
23,84,15
23,84,4
23,84,9
23,84,16
23,84,21
23,84,22
23,84,17
23,84,23
23,109,5
23,109,15
23,109,4
23,109,9
23,109,16
23,109,21
23,109,22
23,109,17
23,109,23
23,110,5
23,110,15
23,110,4
23,110,9
23,110,16
23,110,21
23,110,22
23,110,17
23,110,23
23,101,5
23,101,15
23,101,4
23,101,9
23,101,16
23,101,21
23,101,22
23,101,17
23,101,23
23,83,5
23,83,15
23,83,4
23,83,9
23,83,16
23,83,21
23,83,22
23,83,17
23,83,23
24,104,9
24,104,24
24,104,20
24,104,12
24,104,7
24,104,18
24,104,6
24,104,4
24,104,14
24,104,10
24,104,2
24,110,9
24,110,24
24,110,20
24,110,12
24,110,7
24,110,18
24,110,6
24,110,4
24,110,14
24,110,10
24,110,2
24,102,9
24,102,24
24,102,20
24,102,12
24,102,7
24,102,18
24,102,6
24,102,4
24,102,14
24,102,10
24,102,2
24,112,9
24,112,24
24,112,20
24,112,12
24,112,7
24,112,18
24,112,6
24,112,4
24,112,14
24,112,10
24,112,2
24,84,9
24,84,24
24,84,20
24,84,12
24,84,7
24,84,18
24,84,6
24,84,4
24,84,14
24,84,10
24,84,2
24,91,9
24,91,24
24,91,20
24,91,12
24,91,7
24,91,18
24,91,6
24,91,4
24,91,14
24,91,10
24,91,2
24,95,9
24,95,24
24,95,20
24,95,12
24,95,7
24,95,18
24,95,6
24,95,4
24,95,14
24,95,10
24,95,2
25,5,10
25,5,14
25,5,7
25,5,16
25,5,20
25,5,3
25,5,22
25,5,13
25,5,1
25,5,12
25,5,6
25,5,24
25,5,19
25,5,23
25,5,9
25,10,10
25,10,14
25,10,7
25,10,16
25,10,20
25,10,3
25,10,22
25,10,13
25,10,1
25,10,12
25,10,6
25,10,24
25,10,19
25,10,23
25,10,9
25,1,10
25,1,14
25,1,7
25,1,16
25,1,20
25,1,3
25,1,22
25,1,13
25,1,1
25,1,12
25,1,6
25,1,24
25,1,19
25,1,23
25,1,9
25,6,10
25,6,14
25,6,7
25,6,16
25,6,20
25,6,3
25,6,22
25,6,13
25,6,1
25,6,12
25,6,6
25,6,24
25,6,19
25,6,23
25,6,9
25,12,10
25,12,14
25,12,7
25,12,16
25,12,20
25,12,3
25,12,22
25,12,13
25,12,1
25,12,12
25,12,6
25,12,24
25,12,19
25,12,23
25,12,9
25,9,10
25,9,14
25,9,7
25,9,16
25,9,20
25,9,3
25,9,22
25,9,13
25,9,1
25,9,12
25,9,6
25,9,24
25,9,19
25,9,23
25,9,9
26,146,9
26,146,15
26,146,23
26,146,13
26,146,19
26,146,2
26,146,16
26,146,24
26,146,22
26,146,3
26,146,6
26,146,25
26,154,9
26,154,15
26,154,23
26,154,13
26,154,19
26,154,2
26,154,16
26,154,24
26,154,22
26,154,3
26,154,6
26,154,25
26,92,9
26,92,15
26,92,23
26,92,13
26,92,19
26,92,2
26,92,16
26,92,24
26,92,22
26,92,3
26,92,6
26,92,25
26,155,9
26,155,15
26,155,23
26,155,13
26,155,19
26,155,2
26,155,16
26,155,24
26,155,22
26,155,3
26,155,6
26,155,25
26,93,9
26,93,15
26,93,23
26,93,13
26,93,19
26,93,2
26,93,16
26,93,24
26,93,22
26,93,3
26,93,6
26,93,25
26,98,9
26,98,15
26,98,23
26,98,13
26,98,19
26,98,2
26,98,16
26,98,24
26,98,22
26,98,3
26,98,6
26,98,25
26,143,9
26,143,15
26,143,23
26,143,13
26,143,19
26,143,2
26,143,16
26,143,24
26,143,22
26,143,3
26,143,6
26,143,25
26,164,9
26,164,15
26,164,23
26,164,13
26,164,19
26,164,2
26,164,16
26,164,24
26,164,22
26,164,3
26,164,6
26,164,25
26,161,9
26,161,15
26,161,23
26,161,13
26,161,19
26,161,2
26,161,16
26,161,24
26,161,22
26,161,3
26,161,6
26,161,25
26,94,9
26,94,15
26,94,23
26,94,13
26,94,19
26,94,2
26,94,16
26,94,24
26,94,22
26,94,3
26,94,6
26,94,25
27,23,1
27,23,4
27,23,17
27,23,11
27,23,7
27,23,25
27,23,12
27,23,5
27,23,6
27,23,20
27,11,1
27,11,4
27,11,17
27,11,11
27,11,7
27,11,25
27,11,12
27,11,5
27,11,6
27,11,20
27,19,1
27,19,4
27,19,17
27,19,11
27,19,7
27,19,25
27,19,12
27,19,5
27,19,6
27,19,20
27,118,1
27,118,4
27,118,17
27,118,11
27,118,7
27,118,25
27,118,12
27,118,5
27,118,6
27,118,20
27,14,1
27,14,4
27,14,17
27,14,11
27,14,7
27,14,25
27,14,12
27,14,5
27,14,6
27,14,20
27,2,1
27,2,4
27,2,17
27,2,11
27,2,7
27,2,25
27,2,12
27,2,5
27,2,6
27,2,20
27,120,1
27,120,4
27,120,17
27,120,11
27,120,7
27,120,25
27,120,12
27,120,5
27,120,6
27,120,20
27,1,1
27,1,4
27,1,17
27,1,11
27,1,7
27,1,25
27,1,12
27,1,5
27,1,6
27,1,20
27,20,1
27,20,4
27,20,17
27,20,11
27,20,7
27,20,25
27,20,12
27,20,5
27,20,6
27,20,20
27,136,1
27,136,4
27,136,17
27,136,11
27,136,7
27,136,25
27,136,12
27,136,5
27,136,6
27,136,20
27,6,1
27,6,4
27,6,17
27,6,11
27,6,7
27,6,25
27,6,12
27,6,5
27,6,6
27,6,20
27,21,1
27,21,4
27,21,17
27,21,11
27,21,7
27,21,25
27,21,12
27,21,5
27,21,6
27,21,20
27,22,1
27,22,4
27,22,17
27,22,11
27,22,7
27,22,25
27,22,12
27,22,5
27,22,6
27,22,20
28,71,10
28,71,19
28,71,4
28,71,20
28,71,11
28,71,25
28,71,12
28,71,24
28,182,10
28,182,19
28,182,4
28,182,20
28,182,11
28,182,25
28,182,12
28,182,24
28,104,10
28,104,19
28,104,4
28,104,20
28,104,11
28,104,25
28,104,12
28,104,24
28,128,10
28,128,19
28,128,4
28,128,20
28,128,11
28,128,25
28,128,12
28,128,24
28,185,10
28,185,19
28,185,4
28,185,20
28,185,11
28,185,25
28,185,12
28,185,24
28,79,10
28,79,19
28,79,4
28,79,20
28,79,11
28,79,25
28,79,12
28,79,24
28,96,10
28,96,19
28,96,4
28,96,20
28,96,11
28,96,25
28,96,12
28,96,24
28,184,10
28,184,19
28,184,4
28,184,20
28,184,11
28,184,25
28,184,12
28,184,24
28,111,10
28,111,19
28,111,4
28,111,20
28,111,11
28,111,25
28,111,12
28,111,24
28,72,10
28,72,19
28,72,4
28,72,20
28,72,11
28,72,25
28,72,12
28,72,24
28,107,10
28,107,19
28,107,4
28,107,20
28,107,11
28,107,25
28,107,12
28,107,24
28,129,10
28,129,19
28,129,4
28,129,20
28,129,11
28,129,25
28,129,12
28,129,24
28,81,10
28,81,19
28,81,4
28,81,20
28,81,11
28,81,25
28,81,12
28,81,24
29,105,8
29,105,4
29,105,21
29,105,6
29,105,3
29,105,2
29,105,19
29,105,20
29,105,5
29,105,7
29,105,17
29,105,14
29,105,23
29,105,22
29,105,9
29,101,8
29,101,4
29,101,21
29,101,6
29,101,3
29,101,2
29,101,19
29,101,20
29,101,5
29,101,7
29,101,17
29,101,14
29,101,23
29,101,22
29,101,9
29,113,8
29,113,4
29,113,21
29,113,6
29,113,3
29,113,2
29,113,19
29,113,20
29,113,5
29,113,7
29,113,17
29,113,14
29,113,23
29,113,22
29,113,9
29,108,8
29,108,4
29,108,21
29,108,6
29,108,3
29,108,2
29,108,19
29,108,20
29,108,5
29,108,7
29,108,17
29,108,14
29,108,23
29,108,22
29,108,9
29,109,8
29,109,4
29,109,21
29,109,6
29,109,3
29,109,2
29,109,19
29,109,20
29,109,5
29,109,7
29,109,17
29,109,14
29,109,23
29,109,22
29,109,9
29,130,8
29,130,4
29,130,21
29,130,6
29,130,3
29,130,2
29,130,19
29,130,20
29,130,5
29,130,7
29,130,17
29,130,14
29,130,23
29,130,22
29,130,9
30,114,17
30,114,12
30,114,25
30,114,14
30,114,13
30,114,4
30,111,17
30,111,12
30,111,25
30,111,14
30,111,13
30,111,4
30,110,17
30,110,12
30,110,25
30,110,14
30,110,13
30,110,4
30,100,17
30,100,12
30,100,25
30,100,14
30,100,13
30,100,4
30,105,17
30,105,12
30,105,25
30,105,14
30,105,13
30,105,4
30,136,17
30,136,12
30,136,25
30,136,14
30,136,13
30,136,4
30,113,17
30,113,12
30,113,25
30,113,14
30,113,13
30,113,4
30,104,17
30,104,12
30,104,25
30,104,14
30,104,13
30,104,4
30,102,17
30,102,12
30,102,25
30,102,14
30,102,13
30,102,4
30,103,17
30,103,12
30,103,25
30,103,14
30,103,13
30,103,4
30,116,17
30,116,12
30,116,25
30,116,14
30,116,13
30,116,4
30,130,17
30,130,12
30,130,25
30,130,14
30,130,13
30,130,4
30,101,17
30,101,12
30,101,25
30,101,14
30,101,13
30,101,4
30,135,17
30,135,12
30,135,25
30,135,14
30,135,13
30,135,4
30,132,17
30,132,12
30,132,25
30,132,14
30,132,13
30,132,4
31,104,5
31,104,25
31,104,17
31,104,18
31,104,19
31,104,10
31,104,12
31,104,16
31,104,11
31,104,8
31,104,24
31,104,21
31,104,4
31,100,5
31,100,25
31,100,17
31,100,18
31,100,19
31,100,10
31,100,12
31,100,16
31,100,11
31,100,8
31,100,24
31,100,21
31,100,4
31,103,5
31,103,25
31,103,17
31,103,18
31,103,19
31,103,10
31,103,12
31,103,16
31,103,11
31,103,8
31,103,24
31,103,21
31,103,4
31,115,5
31,115,25
31,115,17
31,115,18
31,115,19
31,115,10
31,115,12
31,115,16
31,115,11
31,115,8
31,115,24
31,115,21
31,115,4
31,107,5
31,107,25
31,107,17
31,107,18
31,107,19
31,107,10
31,107,12
31,107,16
31,107,11
31,107,8
31,107,24
31,107,21
31,107,4
31,116,5
31,116,25
31,116,17
31,116,18
31,116,19
31,116,10
31,116,12
31,116,16
31,116,11
31,116,8
31,116,24
31,116,21
31,116,4
31,130,5
31,130,25
31,130,17
31,130,18
31,130,19
31,130,10
31,130,12
31,130,16
31,130,11
31,130,8
31,130,24
31,130,21
31,130,4
31,135,5
31,135,25
31,135,17
31,135,18
31,135,19
31,135,10
31,135,12
31,135,16
31,135,11
31,135,8
31,135,24
31,135,21
31,135,4
31,106,5
31,106,25
31,106,17
31,106,18
31,106,19
31,106,10
31,106,12
31,106,16
31,106,11
31,106,8
31,106,24
31,106,21
31,106,4
31,132,5
31,132,25
31,132,17
31,132,18
31,132,19
31,132,10
31,132,12
31,132,16
31,132,11
31,132,8
31,132,24
31,132,21
31,132,4
31,134,5
31,134,25
31,134,17
31,134,18
31,134,19
31,134,10
31,134,12
31,134,16
31,134,11
31,134,8
31,134,24
31,134,21
31,134,4
31,117,5
31,117,25
31,117,17
31,117,18
31,117,19
31,117,10
31,117,12
31,117,16
31,117,11
31,117,8
31,117,24
31,117,21
31,117,4
31,112,5
31,112,25
31,112,17
31,112,18
31,112,19
31,112,10
31,112,12
31,112,16
31,112,11
31,112,8
31,112,24
31,112,21
31,112,4
31,102,5
31,102,25
31,102,17
31,102,18
31,102,19
31,102,10
31,102,12
31,102,16
31,102,11
31,102,8
31,102,24
31,102,21
31,102,4
31,111,5
31,111,25
31,111,17
31,111,18
31,111,19
31,111,10
31,111,12
31,111,16
31,111,11
31,111,8
31,111,24
31,111,21
31,111,4
32,8,10
32,8,12
32,8,21
32,8,20
32,8,18
32,8,6
32,8,23
32,8,19
32,8,25
32,8,11
32,8,7
32,4,10
32,4,12
32,4,21
32,4,20
32,4,18
32,4,6
32,4,23
32,4,19
32,4,25
32,4,11
32,4,7
32,51,10
32,51,12
32,51,21
32,51,20
32,51,18
32,51,6
32,51,23
32,51,19
32,51,25
32,51,11
32,51,7
32,16,10
32,16,12
32,16,21
32,16,20
32,16,18
32,16,6
32,16,23
32,16,19
32,16,25
32,16,11
32,16,7
32,23,10
32,23,12
32,23,21
32,23,20
32,23,18
32,23,6
32,23,23
32,23,19
32,23,25
32,23,11
32,23,7
33,3,6
33,3,18
33,3,16
33,3,9
33,3,20
33,3,1
33,3,7
33,3,5
33,3,14
33,3,11
33,3,15
33,3,21
33,3,17
33,3,19
33,23,6
33,23,18
33,23,16
33,23,9
33,23,20
33,23,1
33,23,7
33,23,5
33,23,14
33,23,11
33,23,15
33,23,21
33,23,17
33,23,19
33,55,6
33,55,18
33,55,16
33,55,9
33,55,20
33,55,1
33,55,7
33,55,5
33,55,14
33,55,11
33,55,15
33,55,21
33,55,17
33,55,19
33,45,6
33,45,18
33,45,16
33,45,9
33,45,20
33,45,1
33,45,7
33,45,5
33,45,14
33,45,11
33,45,15
33,45,21
33,45,17
33,45,19
33,19,6
33,19,18
33,19,16
33,19,9
33,19,20
33,19,1
33,19,7
33,19,5
33,19,14
33,19,11
33,19,15
33,19,21
33,19,17
33,19,19
33,7,6
33,7,18
33,7,16
33,7,9
33,7,20
33,7,1
33,7,7
33,7,5
33,7,14
33,7,11
33,7,15
33,7,21
33,7,17
33,7,19
33,21,6
33,21,18
33,21,16
33,21,9
33,21,20
33,21,1
33,21,7
33,21,5
33,21,14
33,21,11
33,21,15
33,21,21
33,21,17
33,21,19
33,18,6
33,18,18
33,18,16
33,18,9
33,18,20
33,18,1
33,18,7
33,18,5
33,18,14
33,18,11
33,18,15
33,18,21
33,18,17
33,18,19
33,53,6
33,53,18
33,53,16
33,53,9
33,53,20
33,53,1
33,53,7
33,53,5
33,53,14
33,53,11
33,53,15
33,53,21
33,53,17
33,53,19
33,11,6
33,11,18
33,11,16
33,11,9
33,11,20
33,11,1
33,11,7
33,11,5
33,11,14
33,11,11
33,11,15
33,11,21
33,11,17
33,11,19
34,74,18
34,74,9
34,74,17
34,74,20
34,74,4
34,74,2
34,74,24
34,74,15
34,74,1
34,107,18
34,107,9
34,107,17
34,107,20
34,107,4
34,107,2
34,107,24
34,107,15
34,107,1
34,182,18
34,182,9
34,182,17
34,182,20
34,182,4
34,182,2
34,182,24
34,182,15
34,182,1
34,97,18
34,97,9
34,97,17
34,97,20
34,97,4
34,97,2
34,97,24
34,97,15
34,97,1
34,183,18
34,183,9
34,183,17
34,183,20
34,183,4
34,183,2
34,183,24
34,183,15
34,183,1
34,100,18
34,100,9
34,100,17
34,100,20
34,100,4
34,100,2
34,100,24
34,100,15
34,100,1
35,108,22
35,108,23
35,108,15
35,108,17
35,108,10
35,108,9
35,108,11
35,108,19
35,108,8
35,101,22
35,101,23
35,101,15
35,101,17
35,101,10
35,101,9
35,101,11
35,101,19
35,101,8
35,109,22
35,109,23
35,109,15
35,109,17
35,109,10
35,109,9
35,109,11
35,109,19
35,109,8
35,75,22
35,75,23
35,75,15
35,75,17
35,75,10
35,75,9
35,75,11
35,75,19
35,75,8
35,97,22
35,97,23
35,97,15
35,97,17
35,97,10
35,97,9
35,97,11
35,97,19
35,97,8
35,79,22
35,79,23
35,79,15
35,79,17
35,79,10
35,79,9
35,79,11
35,79,19
35,79,8
35,110,22
35,110,23
35,110,15
35,110,17
35,110,10
35,110,9
35,110,11
35,110,19
35,110,8
35,80,22
35,80,23
35,80,15
35,80,17
35,80,10
35,80,9
35,80,11
35,80,19
35,80,8
35,73,22
35,73,23
35,73,15
35,73,17
35,73,10
35,73,9
35,73,11
35,73,19
35,73,8
35,106,22
35,106,23
35,106,15
35,106,17
35,106,10
35,106,9
35,106,11
35,106,19
35,106,8
35,74,22
35,74,23
35,74,15
35,74,17
35,74,10
35,74,9
35,74,11
35,74,19
35,74,8
35,111,22
35,111,23
35,111,15
35,111,17
35,111,10
35,111,9
35,111,11
35,111,19
35,111,8
35,82,22
35,82,23
35,82,15
35,82,17
35,82,10
35,82,9
35,82,11
35,82,19
35,82,8
35,184,22
35,184,23
35,184,15
35,184,17
35,184,10
35,184,9
35,184,11
35,184,19
35,184,8
36,186,18
36,186,14
36,186,9
36,186,11
36,186,12
36,186,3
36,186,22
36,186,23
36,186,7
36,186,6
36,186,17
36,186,20
36,186,16
36,81,18
36,81,14
36,81,9
36,81,11
36,81,12
36,81,3
36,81,22
36,81,23
36,81,7
36,81,6
36,81,17
36,81,20
36,81,16
36,111,18
36,111,14
36,111,9
36,111,11
36,111,12
36,111,3
36,111,22
36,111,23
36,111,7
36,111,6
36,111,17
36,111,20
36,111,16
36,100,18
36,100,14
36,100,9
36,100,11
36,100,12
36,100,3
36,100,22
36,100,23
36,100,7
36,100,6
36,100,17
36,100,20
36,100,16
36,102,18
36,102,14
36,102,9
36,102,11
36,102,12
36,102,3
36,102,22
36,102,23
36,102,7
36,102,6
36,102,17
36,102,20
36,102,16
36,75,18
36,75,14
36,75,9
36,75,11
36,75,12
36,75,3
36,75,22
36,75,23
36,75,7
36,75,6
36,75,17
36,75,20
36,75,16
36,109,18
36,109,14
36,109,9
36,109,11
36,109,12
36,109,3
36,109,22
36,109,23
36,109,7
36,109,6
36,109,17
36,109,20
36,109,16
36,96,18
36,96,14
36,96,9
36,96,11
36,96,12
36,96,3
36,96,22
36,96,23
36,96,7
36,96,6
36,96,17
36,96,20
36,96,16
36,187,18
36,187,14
36,187,9
36,187,11
36,187,12
36,187,3
36,187,22
36,187,23
36,187,7
36,187,6
36,187,17
36,187,20
36,187,16
37,182,21
37,182,16
37,182,11
37,182,12
37,182,3
37,182,13
37,73,21
37,73,16
37,73,11
37,73,12
37,73,3
37,73,13
37,98,21
37,98,16
37,98,11
37,98,12
37,98,3
37,98,13
37,82,21
37,82,16
37,82,11
37,82,12
37,82,3
37,82,13
37,110,21
37,110,16
37,110,11
37,110,12
37,110,3
37,110,13
37,128,21
37,128,16
37,128,11
37,128,12
37,128,3
37,128,13
37,74,21
37,74,16
37,74,11
37,74,12
37,74,3
37,74,13
37,72,21
37,72,16
37,72,11
37,72,12
37,72,3
37,72,13
37,126,21
37,126,16
37,126,11
37,126,12
37,126,3
37,126,13
37,99,21
37,99,16
37,99,11
37,99,12
37,99,3
37,99,13
37,186,21
37,186,16
37,186,11
37,186,12
37,186,3
37,186,13
38,110,14
38,110,22
38,110,7
38,110,13
38,110,5
38,110,1
38,110,23
38,110,19
38,110,10
38,110,6
38,110,4
38,110,3
38,100,14
38,100,22
38,100,7
38,100,13
38,100,5
38,100,1
38,100,23
38,100,19
38,100,10
38,100,6
38,100,4
38,100,3
38,111,14
38,111,22
38,111,7
38,111,13
38,111,5
38,111,1
38,111,23
38,111,19
38,111,10
38,111,6
38,111,4
38,111,3
38,185,14
38,185,22
38,185,7
38,185,13
38,185,5
38,185,1
38,185,23
38,185,19
38,185,10
38,185,6
38,185,4
38,185,3
38,97,14
38,97,22
38,97,7
38,97,13
38,97,5
38,97,1
38,97,23
38,97,19
38,97,10
38,97,6
38,97,4
38,97,3
38,104,14
38,104,22
38,104,7
38,104,13
38,104,5
38,104,1
38,104,23
38,104,19
38,104,10
38,104,6
38,104,4
38,104,3
38,126,14
38,126,22
38,126,7
38,126,13
38,126,5
38,126,1
38,126,23
38,126,19
38,126,10
38,126,6
38,126,4
38,126,3
38,127,14
38,127,22
38,127,7
38,127,13
38,127,5
38,127,1
38,127,23
38,127,19
38,127,10
38,127,6
38,127,4
38,127,3
38,107,14
38,107,22
38,107,7
38,107,13
38,107,5
38,107,1
38,107,23
38,107,19
38,107,10
38,107,6
38,107,4
38,107,3
38,183,14
38,183,22
38,183,7
38,183,13
38,183,5
38,183,1
38,183,23
38,183,19
38,183,10
38,183,6
38,183,4
38,183,3
38,74,14
38,74,22
38,74,7
38,74,13
38,74,5
38,74,1
38,74,23
38,74,19
38,74,10
38,74,6
38,74,4
38,74,3
38,129,14
38,129,22
38,129,7
38,129,13
38,129,5
38,129,1
38,129,23
38,129,19
38,129,10
38,129,6
38,129,4
38,129,3
38,109,14
38,109,22
38,109,7
38,109,13
38,109,5
38,109,1
38,109,23
38,109,19
38,109,10
38,109,6
38,109,4
38,109,3
38,73,14
38,73,22
38,73,7
38,73,13
38,73,5
38,73,1
38,73,23
38,73,19
38,73,10
38,73,6
38,73,4
38,73,3
38,105,14
38,105,22
38,105,7
38,105,13
38,105,5
38,105,1
38,105,23
38,105,19
38,105,10
38,105,6
38,105,4
38,105,3
39,105,4
39,105,14
39,105,1
39,105,19
39,105,12
39,105,5
39,105,15
39,105,23
39,105,11
39,105,21
39,105,3
39,105,16
39,105,17
39,186,4
39,186,14
39,186,1
39,186,19
39,186,12
39,186,5
39,186,15
39,186,23
39,186,11
39,186,21
39,186,3
39,186,16
39,186,17
39,81,4
39,81,14
39,81,1
39,81,19
39,81,12
39,81,5
39,81,15
39,81,23
39,81,11
39,81,21
39,81,3
39,81,16
39,81,17
39,79,4
39,79,14
39,79,1
39,79,19
39,79,12
39,79,5
39,79,15
39,79,23
39,79,11
39,79,21
39,79,3
39,79,16
39,79,17
39,75,4
39,75,14
39,75,1
39,75,19
39,75,12
39,75,5
39,75,15
39,75,23
39,75,11
39,75,21
39,75,3
39,75,16
39,75,17
39,108,4
39,108,14
39,108,1
39,108,19
39,108,12
39,108,5
39,108,15
39,108,23
39,108,11
39,108,21
39,108,3
39,108,16
39,108,17
39,82,4
39,82,14
39,82,1
39,82,19
39,82,12
39,82,5
39,82,15
39,82,23
39,82,11
39,82,21
39,82,3
39,82,16
39,82,17
39,129,4
39,129,14
39,129,1
39,129,19
39,129,12
39,129,5
39,129,15
39,129,23
39,129,11
39,129,21
39,129,3
39,129,16
39,129,17
40,104,5
40,104,7
40,104,14
40,104,24
40,104,13
40,104,2
40,83,5
40,83,7
40,83,14
40,83,24
40,83,13
40,83,2
40,109,5
40,109,7
40,109,14
40,109,24
40,109,13
40,109,2
40,82,5
40,82,7
40,82,14
40,82,24
40,82,13
40,82,2
40,99,5
40,99,7
40,99,14
40,99,24
40,99,13
40,99,2
40,127,5
40,127,7
40,127,14
40,127,24
40,127,13
40,127,2
40,111,5
40,111,7
40,111,14
40,111,24
40,111,13
40,111,2
41,109,6
41,109,17
41,109,20
41,109,14
41,109,7
41,109,2
41,109,4
41,111,6
41,111,17
41,111,20
41,111,14
41,111,7
41,111,2
41,111,4
41,103,6
41,103,17
41,103,20
41,103,14
41,103,7
41,103,2
41,103,4
41,104,6
41,104,17
41,104,20
41,104,14
41,104,7
41,104,2
41,104,4
41,87,6
41,87,17
41,87,20
41,87,14
41,87,7
41,87,2
41,87,4
41,95,6
41,95,17
41,95,20
41,95,14
41,95,7
41,95,2
41,95,4
41,97,6
41,97,17
41,97,20
41,97,14
41,97,7
41,97,2
41,97,4
41,84,6
41,84,17
41,84,20
41,84,14
41,84,7
41,84,2
41,84,4
41,92,6
41,92,17
41,92,20
41,92,14
41,92,7
41,92,2
41,92,4
41,106,6
41,106,17
41,106,20
41,106,14
41,106,7
41,106,2
41,106,4
41,101,6
41,101,17
41,101,20
41,101,14
41,101,7
41,101,2
41,101,4
42,103,9
42,103,19
42,103,1
42,103,2
42,103,5
42,103,13
42,103,16
42,103,14
42,103,3
42,101,9
42,101,19
42,101,1
42,101,2
42,101,5
42,101,13
42,101,16
42,101,14
42,101,3
42,86,9
42,86,19
42,86,1
42,86,2
42,86,5
42,86,13
42,86,16
42,86,14
42,86,3
42,108,9
42,108,19
42,108,1
42,108,2
42,108,5
42,108,13
42,108,16
42,108,14
42,108,3
42,83,9
42,83,19
42,83,1
42,83,2
42,83,5
42,83,13
42,83,16
42,83,14
42,83,3
43,5,24
43,5,13
43,5,5
43,5,25
43,5,21
43,5,18
43,5,8
43,5,14
43,5,10
43,17,24
43,17,13
43,17,5
43,17,25
43,17,21
43,17,18
43,17,8
43,17,14
43,17,10
43,4,24
43,4,13
43,4,5
43,4,25
43,4,21
43,4,18
43,4,8
43,4,14
43,4,10
43,120,24
43,120,13
43,120,5
43,120,25
43,120,21
43,120,18
43,120,8
43,120,14
43,120,10
43,102,24
43,102,13
43,102,5
43,102,25
43,102,21
43,102,18
43,102,8
43,102,14
43,102,10
43,118,24
43,118,13
43,118,5
43,118,25
43,118,21
43,118,18
43,118,8
43,118,14
43,118,10
43,105,24
43,105,13
43,105,5
43,105,25
43,105,21
43,105,18
43,105,8
43,105,14
43,105,10
43,15,24
43,15,13
43,15,5
43,15,25
43,15,21
43,15,18
43,15,8
43,15,14
43,15,10
43,103,24
43,103,13
43,103,5
43,103,25
43,103,21
43,103,18
43,103,8
43,103,14
43,103,10
43,18,24
43,18,13
43,18,5
43,18,25
43,18,21
43,18,18
43,18,8
43,18,14
43,18,10
43,106,24
43,106,13
43,106,5
43,106,25
43,106,21
43,106,18
43,106,8
43,106,14
43,106,10
43,16,24
43,16,13
43,16,5
43,16,25
43,16,21
43,16,18
43,16,8
43,16,14
43,16,10
43,10,24
43,10,13
43,10,5
43,10,25
43,10,21
43,10,18
43,10,8
43,10,14
43,10,10
44,163,19
44,163,9
44,163,16
44,163,25
44,163,21
44,163,6
44,163,23
44,163,15
44,163,5
44,163,20
44,163,1
44,160,19
44,160,9
44,160,16
44,160,25
44,160,21
44,160,6
44,160,23
44,160,15
44,160,5
44,160,20
44,160,1
44,93,19
44,93,9
44,93,16
44,93,25
44,93,21
44,93,6
44,93,23
44,93,15
44,93,5
44,93,20
44,93,1
44,85,19
44,85,9
44,85,16
44,85,25
44,85,21
44,85,6
44,85,23
44,85,15
44,85,5
44,85,20
44,85,1
44,80,19
44,80,9
44,80,16
44,80,25
44,80,21
44,80,6
44,80,23
44,80,15
44,80,5
44,80,20
44,80,1
44,97,19
44,97,9
44,97,16
44,97,25
44,97,21
44,97,6
44,97,23
44,97,15
44,97,5
44,97,20
44,97,1
44,86,19
44,86,9
44,86,16
44,86,25
44,86,21
44,86,6
44,86,23
44,86,15
44,86,5
44,86,20
44,86,1
44,84,19
44,84,9
44,84,16
44,84,25
44,84,21
44,84,6
44,84,23
44,84,15
44,84,5
44,84,20
44,84,1
44,146,19
44,146,9
44,146,16
44,146,25
44,146,21
44,146,6
44,146,23
44,146,15
44,146,5
44,146,20
44,146,1
44,164,19
44,164,9
44,164,16
44,164,25
44,164,21
44,164,6
44,164,23
44,164,15
44,164,5
44,164,20
44,164,1
44,94,19
44,94,9
44,94,16
44,94,25
44,94,21
44,94,6
44,94,23
44,94,15
44,94,5
44,94,20
44,94,1
44,82,19
44,82,9
44,82,16
44,82,25
44,82,21
44,82,6
44,82,23
44,82,15
44,82,5
44,82,20
44,82,1
45,5,11
45,5,15
45,5,14
45,5,6
45,5,10
45,5,5
45,5,16
45,5,3
45,5,19
45,5,13
45,5,7
45,5,21
45,5,22
45,5,1
45,5,2
45,11,11
45,11,15
45,11,14
45,11,6
45,11,10
45,11,5
45,11,16
45,11,3
45,11,19
45,11,13
45,11,7
45,11,21
45,11,22
45,11,1
45,11,2
45,3,11
45,3,15
45,3,14
45,3,6
45,3,10
45,3,5
45,3,16
45,3,3
45,3,19
45,3,13
45,3,7
45,3,21
45,3,22
45,3,1
45,3,2
45,20,11
45,20,15
45,20,14
45,20,6
45,20,10
45,20,5
45,20,16
45,20,3
45,20,19
45,20,13
45,20,7
45,20,21
45,20,22
45,20,1
45,20,2
45,118,11
45,118,15
45,118,14
45,118,6
45,118,10
45,118,5
45,118,16
45,118,3
45,118,19
45,118,13
45,118,7
45,118,21
45,118,22
45,118,1
45,118,2
45,15,11
45,15,15
45,15,14
45,15,6
45,15,10
45,15,5
45,15,16
45,15,3
45,15,19
45,15,13
45,15,7
45,15,21
45,15,22
45,15,1
45,15,2
45,14,11
45,14,15
45,14,14
45,14,6
45,14,10
45,14,5
45,14,16
45,14,3
45,14,19
45,14,13
45,14,7
45,14,21
45,14,22
45,14,1
45,14,2
45,23,11
45,23,15
45,23,14
45,23,6
45,23,10
45,23,5
45,23,16
45,23,3
45,23,19
45,23,13
45,23,7
45,23,21
45,23,22
45,23,1
45,23,2
45,16,11
45,16,15
45,16,14
45,16,6
45,16,10
45,16,5
45,16,16
45,16,3
45,16,19
45,16,13
45,16,7
45,16,21
45,16,22
45,16,1
45,16,2
45,22,11
45,22,15
45,22,14
45,22,6
45,22,10
45,22,5
45,22,16
45,22,3
45,22,19
45,22,13
45,22,7
45,22,21
45,22,22
45,22,1
45,22,2
46,186,17
46,186,1
46,186,14
46,186,11
46,186,23
46,186,7
46,186,13
46,186,6
46,186,19
46,186,21
46,186,5
46,186,22
46,186,8
46,186,3
46,74,17
46,74,1
46,74,14
46,74,11
46,74,23
46,74,7
46,74,13
46,74,6
46,74,19
46,74,21
46,74,5
46,74,22
46,74,8
46,74,3
46,110,17
46,110,1
46,110,14
46,110,11
46,110,23
46,110,7
46,110,13
46,110,6
46,110,19
46,110,21
46,110,5
46,110,22
46,110,8
46,110,3
46,183,17
46,183,1
46,183,14
46,183,11
46,183,23
46,183,7
46,183,13
46,183,6
46,183,19
46,183,21
46,183,5
46,183,22
46,183,8
46,183,3
46,187,17
46,187,1
46,187,14
46,187,11
46,187,23
46,187,7
46,187,13
46,187,6
46,187,19
46,187,21
46,187,5
46,187,22
46,187,8
46,187,3
46,82,17
46,82,1
46,82,14
46,82,11
46,82,23
46,82,7
46,82,13
46,82,6
46,82,19
46,82,21
46,82,5
46,82,22
46,82,8
46,82,3
47,110,11
47,110,5
47,110,21
47,110,25
47,110,12
47,110,6
47,110,9
47,110,1
47,110,3
47,110,24
47,110,17
47,110,15
47,106,11
47,106,5
47,106,21
47,106,25
47,106,12
47,106,6
47,106,9
47,106,1
47,106,3
47,106,24
47,106,17
47,106,15
47,103,11
47,103,5
47,103,21
47,103,25
47,103,12
47,103,6
47,103,9
47,103,1
47,103,3
47,103,24
47,103,17
47,103,15
47,117,11
47,117,5
47,117,21
47,117,25
47,117,12
47,117,6
47,117,9
47,117,1
47,117,3
47,117,24
47,117,17
47,117,15
47,116,11
47,116,5
47,116,21
47,116,25
47,116,12
47,116,6
47,116,9
47,116,1
47,116,3
47,116,24
47,116,17
47,116,15
47,101,11
47,101,5
47,101,21
47,101,25
47,101,12
47,101,6
47,101,9
47,101,1
47,101,3
47,101,24
47,101,17
47,101,15
47,107,11
47,107,5
47,107,21
47,107,25
47,107,12
47,107,6
47,107,9
47,107,1
47,107,3
47,107,24
47,107,17
47,107,15
47,133,11
47,133,5
47,133,21
47,133,25
47,133,12
47,133,6
47,133,9
47,133,1
47,133,3
47,133,24
47,133,17
47,133,15
47,130,11
47,130,5
47,130,21
47,130,25
47,130,12
47,130,6
47,130,9
47,130,1
47,130,3
47,130,24
47,130,17
47,130,15
47,134,11
47,134,5
47,134,21
47,134,25
47,134,12
47,134,6
47,134,9
47,134,1
47,134,3
47,134,24
47,134,17
47,134,15
47,102,11
47,102,5
47,102,21
47,102,25
47,102,12
47,102,6
47,102,9
47,102,1
47,102,3
47,102,24
47,102,17
47,102,15
47,104,11
47,104,5
47,104,21
47,104,25
47,104,12
47,104,6
47,104,9
47,104,1
47,104,3
47,104,24
47,104,17
47,104,15
48,108,5
48,108,17
48,108,10
48,108,21
48,108,1
48,108,18
48,108,14
48,108,22
48,108,15
48,108,12
48,108,6
48,108,23
48,108,16
48,108,7
48,130,5
48,130,17
48,130,10
48,130,21
48,130,1
48,130,18
48,130,14
48,130,22
48,130,15
48,130,12
48,130,6
48,130,23
48,130,16
48,130,7
48,113,5
48,113,17
48,113,10
48,113,21
48,113,1
48,113,18
48,113,14
48,113,22
48,113,15
48,113,12
48,113,6
48,113,23
48,113,16
48,113,7
48,100,5
48,100,17
48,100,10
48,100,21
48,100,1
48,100,18
48,100,14
48,100,22
48,100,15
48,100,12
48,100,6
48,100,23
48,100,16
48,100,7
48,134,5
48,134,17
48,134,10
48,134,21
48,134,1
48,134,18
48,134,14
48,134,22
48,134,15
48,134,12
48,134,6
48,134,23
48,134,16
48,134,7
48,116,5
48,116,17
48,116,10
48,116,21
48,116,1
48,116,18
48,116,14
48,116,22
48,116,15
48,116,12
48,116,6
48,116,23
48,116,16
48,116,7
49,101,19
49,101,1
49,101,10
49,101,6
49,101,4
49,101,2
49,101,5
49,115,19
49,115,1
49,115,10
49,115,6
49,115,4
49,115,2
49,115,5
49,136,19
49,136,1
49,136,10
49,136,6
49,136,4
49,136,2
49,136,5
49,103,19
49,103,1
49,103,10
49,103,6
49,103,4
49,103,2
49,103,5
49,100,19
49,100,1
49,100,10
49,100,6
49,100,4
49,100,2
49,100,5
49,102,19
49,102,1
49,102,10
49,102,6
49,102,4
49,102,2
49,102,5
50,4,9
50,4,6
50,4,13
50,4,21
50,4,16
50,4,8
50,4,19
50,4,3
50,4,11
50,4,14
50,4,18
50,4,23
50,4,7
50,4,25
50,4,24
50,20,9
50,20,6
50,20,13
50,20,21
50,20,16
50,20,8
50,20,19
50,20,3
50,20,11
50,20,14
50,20,18
50,20,23
50,20,7
50,20,25
50,20,24
50,53,9
50,53,6
50,53,13
50,53,21
50,53,16
50,53,8
50,53,19
50,53,3
50,53,11
50,53,14
50,53,18
50,53,23
50,53,7
50,53,25
50,53,24
50,16,9
50,16,6
50,16,13
50,16,21
50,16,16
50,16,8
50,16,19
50,16,3
50,16,11
50,16,14
50,16,18
50,16,23
50,16,7
50,16,25
50,16,24
50,1,9
50,1,6
50,1,13
50,1,21
50,1,16
50,1,8
50,1,19
50,1,3
50,1,11
50,1,14
50,1,18
50,1,23
50,1,7
50,1,25
50,1,24
51,18,24
51,18,1
51,18,19
51,18,18
51,18,8
51,18,4
51,18,15
51,18,10
51,16,24
51,16,1
51,16,19
51,16,18
51,16,8
51,16,4
51,16,15
51,16,10
51,13,24
51,13,1
51,13,19
51,13,18
51,13,8
51,13,4
51,13,15
51,13,10
51,55,24
51,55,1
51,55,19
51,55,18
51,55,8
51,55,4
51,55,15
51,55,10
51,6,24
51,6,1
51,6,19
51,6,18
51,6,8
51,6,4
51,6,15
51,6,10
51,21,24
51,21,1
51,21,19
51,21,18
51,21,8
51,21,4
51,21,15
51,21,10
51,54,24
51,54,1
51,54,19
51,54,18
51,54,8
51,54,4
51,54,15
51,54,10
51,12,24
51,12,1
51,12,19
51,12,18
51,12,8
51,12,4
51,12,15
51,12,10
51,9,24
51,9,1
51,9,19
51,9,18
51,9,8
51,9,4
51,9,15
51,9,10
51,15,24
51,15,1
51,15,19
51,15,18
51,15,8
51,15,4
51,15,15
51,15,10
52,185,4
52,185,15
52,185,10
52,185,23
52,185,11
52,185,1
52,185,2
52,185,9
52,185,16
52,185,24
52,185,3
52,75,4
52,75,15
52,75,10
52,75,23
52,75,11
52,75,1
52,75,2
52,75,9
52,75,16
52,75,24
52,75,3
52,83,4
52,83,15
52,83,10
52,83,23
52,83,11
52,83,1
52,83,2
52,83,9
52,83,16
52,83,24
52,83,3
52,79,4
52,79,15
52,79,10
52,79,23
52,79,11
52,79,1
52,79,2
52,79,9
52,79,16
52,79,24
52,79,3
52,104,4
52,104,15
52,104,10
52,104,23
52,104,11
52,104,1
52,104,2
52,104,9
52,104,16
52,104,24
52,104,3
52,106,4
52,106,15
52,106,10
52,106,23
52,106,11
52,106,1
52,106,2
52,106,9
52,106,16
52,106,24
52,106,3
52,100,4
52,100,15
52,100,10
52,100,23
52,100,11
52,100,1
52,100,2
52,100,9
52,100,16
52,100,24
52,100,3
52,82,4
52,82,15
52,82,10
52,82,23
52,82,11
52,82,1
52,82,2
52,82,9
52,82,16
52,82,24
52,82,3
53,109,11
53,109,18
53,109,21
53,109,1
53,109,7
53,109,25
53,109,2
53,109,15
53,109,5
53,82,11
53,82,18
53,82,21
53,82,1
53,82,7
53,82,25
53,82,2
53,82,15
53,82,5
53,108,11
53,108,18
53,108,21
53,108,1
53,108,7
53,108,25
53,108,2
53,108,15
53,108,5
53,100,11
53,100,18
53,100,21
53,100,1
53,100,7
53,100,25
53,100,2
53,100,15
53,100,5
53,83,11
53,83,18
53,83,21
53,83,1
53,83,7
53,83,25
53,83,2
53,83,15
53,83,5
53,81,11
53,81,18
53,81,21
53,81,1
53,81,7
53,81,25
53,81,2
53,81,15
53,81,5
53,72,11
53,72,18
53,72,21
53,72,1
53,72,7
53,72,25
53,72,2
53,72,15
53,72,5
53,96,11
53,96,18
53,96,21
53,96,1
53,96,7
53,96,25
53,96,2
53,96,15
53,96,5
54,73,2
54,73,17
54,73,20
54,73,24
54,73,8
54,73,15
54,73,22
54,106,2
54,106,17
54,106,20
54,106,24
54,106,8
54,106,15
54,106,22
54,100,2
54,100,17
54,100,20
54,100,24
54,100,8
54,100,15
54,100,22
54,110,2
54,110,17
54,110,20
54,110,24
54,110,8
54,110,15
54,110,22
54,101,2
54,101,17
54,101,20
54,101,24
54,101,8
54,101,15
54,101,22
55,74,13
55,74,9
55,74,12
55,74,25
55,74,1
55,74,5
55,74,7
55,74,19
55,74,8
55,74,16
55,74,18
55,74,2
55,74,11
55,74,6
55,83,13
55,83,9
55,83,12
55,83,25
55,83,1
55,83,5
55,83,7
55,83,19
55,83,8
55,83,16
55,83,18
55,83,2
55,83,11
55,83,6
55,186,13
55,186,9
55,186,12
55,186,25
55,186,1
55,186,5
55,186,7
55,186,19
55,186,8
55,186,16
55,186,18
55,186,2
55,186,11
55,186,6
55,72,13
55,72,9
55,72,12
55,72,25
55,72,1
55,72,5
55,72,7
55,72,19
55,72,8
55,72,16
55,72,18
55,72,2
55,72,11
55,72,6
55,75,13
55,75,9
55,75,12
55,75,25
55,75,1
55,75,5
55,75,7
55,75,19
55,75,8
55,75,16
55,75,18
55,75,2
55,75,11
55,75,6
56,99,20
56,99,13
56,99,12
56,99,4
56,99,16
56,99,10
56,99,6
56,99,3
56,99,18
56,99,5
56,104,20
56,104,13
56,104,12
56,104,4
56,104,16
56,104,10
56,104,6
56,104,3
56,104,18
56,104,5
56,82,20
56,82,13
56,82,12
56,82,4
56,82,16
56,82,10
56,82,6
56,82,3
56,82,18
56,82,5
56,128,20
56,128,13
56,128,12
56,128,4
56,128,16
56,128,10
56,128,6
56,128,3
56,128,18
56,128,5
56,72,20
56,72,13
56,72,12
56,72,4
56,72,16
56,72,10
56,72,6
56,72,3
56,72,18
56,72,5
56,182,20
56,182,13
56,182,12
56,182,4
56,182,16
56,182,10
56,182,6
56,182,3
56,182,18
56,182,5
56,98,20
56,98,13
56,98,12
56,98,4
56,98,16
56,98,10
56,98,6
56,98,3
56,98,18
56,98,5
56,79,20
56,79,13
56,79,12
56,79,4
56,79,16
56,79,10
56,79,6
56,79,3
56,79,18
56,79,5
56,108,20
56,108,13
56,108,12
56,108,4
56,108,16
56,108,10
56,108,6
56,108,3
56,108,18
56,108,5
56,97,20
56,97,13
56,97,12
56,97,4
56,97,16
56,97,10
56,97,6
56,97,3
56,97,18
56,97,5
56,102,20
56,102,13
56,102,12
56,102,4
56,102,16
56,102,10
56,102,6
56,102,3
56,102,18
56,102,5
56,105,20
56,105,13
56,105,12
56,105,4
56,105,16
56,105,10
56,105,6
56,105,3
56,105,18
56,105,5
56,106,20
56,106,13
56,106,12
56,106,4
56,106,16
56,106,10
56,106,6
56,106,3
56,106,18
56,106,5
57,97,23
57,97,3
57,97,10
57,97,14
57,97,8
57,97,7
57,82,23
57,82,3
57,82,10
57,82,14
57,82,8
57,82,7
57,109,23
57,109,3
57,109,10
57,109,14
57,109,8
57,109,7
57,73,23
57,73,3
57,73,10
57,73,14
57,73,8
57,73,7
57,186,23
57,186,3
57,186,10
57,186,14
57,186,8
57,186,7
57,80,23
57,80,3
57,80,10
57,80,14
57,80,8
57,80,7
57,128,23
57,128,3
57,128,10
57,128,14
57,128,8
57,128,7
57,185,23
57,185,3
57,185,10
57,185,14
57,185,8
57,185,7
58,127,19
58,127,18
58,127,6
58,127,5
58,127,22
58,127,20
58,127,9
58,127,24
58,127,14
58,127,3
58,127,16
58,127,15
58,127,2
58,96,19
58,96,18
58,96,6
58,96,5
58,96,22
58,96,20
58,96,9
58,96,24
58,96,14
58,96,3
58,96,16
58,96,15
58,96,2
58,188,19
58,188,18
58,188,6
58,188,5
58,188,22
58,188,20
58,188,9
58,188,24
58,188,14
58,188,3
58,188,16
58,188,15
58,188,2
58,111,19
58,111,18
58,111,6
58,111,5
58,111,22
58,111,20
58,111,9
58,111,24
58,111,14
58,111,3
58,111,16
58,111,15
58,111,2
58,128,19
58,128,18
58,128,6
58,128,5
58,128,22
58,128,20
58,128,9
58,128,24
58,128,14
58,128,3
58,128,16
58,128,15
58,128,2
58,182,19
58,182,18
58,182,6
58,182,5
58,182,22
58,182,20
58,182,9
58,182,24
58,182,14
58,182,3
58,182,16
58,182,15
58,182,2
59,108,7
59,108,13
59,108,22
59,108,9
59,108,20
59,108,12
59,108,17
59,108,15
59,108,23
59,108,3
59,110,7
59,110,13
59,110,22
59,110,9
59,110,20
59,110,12
59,110,17
59,110,15
59,110,23
59,110,3
59,89,7
59,89,13
59,89,22
59,89,9
59,89,20
59,89,12
59,89,17
59,89,15
59,89,23
59,89,3
59,81,7
59,81,13
59,81,22
59,81,9
59,81,20
59,81,12
59,81,17
59,81,15
59,81,23
59,81,3
59,113,7
59,113,13
59,113,22
59,113,9
59,113,20
59,113,12
59,113,17
59,113,15
59,113,23
59,113,3
59,84,7
59,84,13
59,84,22
59,84,9
59,84,20
59,84,12
59,84,17
59,84,15
59,84,23
59,84,3
59,80,7
59,80,13
59,80,22
59,80,9
59,80,20
59,80,12
59,80,17
59,80,15
59,80,23
59,80,3
59,105,7
59,105,13
59,105,22
59,105,9
59,105,20
59,105,12
59,105,17
59,105,15
59,105,23
59,105,3
59,98,7
59,98,13
59,98,22
59,98,9
59,98,20
59,98,12
59,98,17
59,98,15
59,98,23
59,98,3
59,112,7
59,112,13
59,112,22
59,112,9
59,112,20
59,112,12
59,112,17
59,112,15
59,112,23
59,112,3
60,87,24
60,87,7
60,87,13
60,87,25
60,87,8
60,87,23
60,97,24
60,97,7
60,97,13
60,97,25
60,97,8
60,97,23
60,107,24
60,107,7
60,107,13
60,107,25
60,107,8
60,107,23
60,94,24
60,94,7
60,94,13
60,94,25
60,94,8
60,94,23
60,92,24
60,92,7
60,92,13
60,92,25
60,92,8
60,92,23
60,90,24
60,90,7
60,90,13
60,90,25
60,90,8
60,90,23
60,108,24
60,108,7
60,108,13
60,108,25
60,108,8
60,108,23
61,20,8
61,20,1
61,20,13
61,20,17
61,20,11
61,20,2
61,20,19
61,20,21
61,20,10
61,20,14
61,20,16
61,20,15
61,20,12
61,104,8
61,104,1
61,104,13
61,104,17
61,104,11
61,104,2
61,104,19
61,104,21
61,104,10
61,104,14
61,104,16
61,104,15
61,104,12
61,18,8
61,18,1
61,18,13
61,18,17
61,18,11
61,18,2
61,18,19
61,18,21
61,18,10
61,18,14
61,18,16
61,18,15
61,18,12
61,22,8
61,22,1
61,22,13
61,22,17
61,22,11
61,22,2
61,22,19
61,22,21
61,22,10
61,22,14
61,22,16
61,22,15
61,22,12
61,13,8
61,13,1
61,13,13
61,13,17
61,13,11
61,13,2
61,13,19
61,13,21
61,13,10
61,13,14
61,13,16
61,13,15
61,13,12
61,120,8
61,120,1
61,120,13
61,120,17
61,120,11
61,120,2
61,120,19
61,120,21
61,120,10
61,120,14
61,120,16
61,120,15
61,120,12
61,2,8
61,2,1
61,2,13
61,2,17
61,2,11
61,2,2
61,2,19
61,2,21
61,2,10
61,2,14
61,2,16
61,2,15
61,2,12
61,106,8
61,106,1
61,106,13
61,106,17
61,106,11
61,106,2
61,106,19
61,106,21
61,106,10
61,106,14
61,106,16
61,106,15
61,106,12
62,91,19
62,91,6
62,91,25
62,91,11
62,91,4
62,91,2
62,91,1
62,91,14
62,91,17
62,91,10
62,91,15
62,148,19
62,148,6
62,148,25
62,148,11
62,148,4
62,148,2
62,148,1
62,148,14
62,148,17
62,148,10
62,148,15
62,84,19
62,84,6
62,84,25
62,84,11
62,84,4
62,84,2
62,84,1
62,84,14
62,84,17
62,84,10
62,84,15
62,79,19
62,79,6
62,79,25
62,79,11
62,79,4
62,79,2
62,79,1
62,79,14
62,79,17
62,79,10
62,79,15
62,144,19
62,144,6
62,144,25
62,144,11
62,144,4
62,144,2
62,144,1
62,144,14
62,144,17
62,144,10
62,144,15
62,82,19
62,82,6
62,82,25
62,82,11
62,82,4
62,82,2
62,82,1
62,82,14
62,82,17
62,82,10
62,82,15
62,161,19
62,161,6
62,161,25
62,161,11
62,161,4
62,161,2
62,161,1
62,161,14
62,161,17
62,161,10
62,161,15
62,92,19
62,92,6
62,92,25
62,92,11
62,92,4
62,92,2
62,92,1
62,92,14
62,92,17
62,92,10
62,92,15
62,96,19
62,96,6
62,96,25
62,96,11
62,96,4
62,96,2
62,96,1
62,96,14
62,96,17
62,96,10
62,96,15
62,146,19
62,146,6
62,146,25
62,146,11
62,146,4
62,146,2
62,146,1
62,146,14
62,146,17
62,146,10
62,146,15
62,143,19
62,143,6
62,143,25
62,143,11
62,143,4
62,143,2
62,143,1
62,143,14
62,143,17
62,143,10
62,143,15
62,86,19
62,86,6
62,86,25
62,86,11
62,86,4
62,86,2
62,86,1
62,86,14
62,86,17
62,86,10
62,86,15
62,90,19
62,90,6
62,90,25
62,90,11
62,90,4
62,90,2
62,90,1
62,90,14
62,90,17
62,90,10
62,90,15
63,14,24
63,14,8
63,14,25
63,14,14
63,14,4
63,14,1
63,14,18
63,14,7
63,14,23
63,14,17
63,14,13
63,14,2
63,18,24
63,18,8
63,18,25
63,18,14
63,18,4
63,18,1
63,18,18
63,18,7
63,18,23
63,18,17
63,18,13
63,18,2
63,11,24
63,11,8
63,11,25
63,11,14
63,11,4
63,11,1
63,11,18
63,11,7
63,11,23
63,11,17
63,11,13
63,11,2
63,120,24
63,120,8
63,120,25
63,120,14
63,120,4
63,120,1
63,120,18
63,120,7
63,120,23
63,120,17
63,120,13
63,120,2
63,119,24
63,119,8
63,119,25
63,119,14
63,119,4
63,119,1
63,119,18
63,119,7
63,119,23
63,119,17
63,119,13
63,119,2
63,13,24
63,13,8
63,13,25
63,13,14
63,13,4
63,13,1
63,13,18
63,13,7
63,13,23
63,13,17
63,13,13
63,13,2
63,3,24
63,3,8
63,3,25
63,3,14
63,3,4
63,3,1
63,3,18
63,3,7
63,3,23
63,3,17
63,3,13
63,3,2
64,83,12
64,83,20
64,83,4
64,83,10
64,83,15
64,83,13
64,83,3
64,73,12
64,73,20
64,73,4
64,73,10
64,73,15
64,73,13
64,73,3
64,98,12
64,98,20
64,98,4
64,98,10
64,98,15
64,98,13
64,98,3
64,95,12
64,95,20
64,95,4
64,95,10
64,95,15
64,95,13
64,95,3
64,100,12
64,100,20
64,100,4
64,100,10
64,100,15
64,100,13
64,100,3
65,103,15
65,103,19
65,103,2
65,103,12
65,103,1
65,103,18
65,103,11
65,103,6
65,103,14
65,103,20
65,103,5
65,103,16
65,103,17
65,101,15
65,101,19
65,101,2
65,101,12
65,101,1
65,101,18
65,101,11
65,101,6
65,101,14
65,101,20
65,101,5
65,101,16
65,101,17
65,104,15
65,104,19
65,104,2
65,104,12
65,104,1
65,104,18
65,104,11
65,104,6
65,104,14
65,104,20
65,104,5
65,104,16
65,104,17
65,109,15
65,109,19
65,109,2
65,109,12
65,109,1
65,109,18
65,109,11
65,109,6
65,109,14
65,109,20
65,109,5
65,109,16
65,109,17
65,112,15
65,112,19
65,112,2
65,112,12
65,112,1
65,112,18
65,112,11
65,112,6
65,112,14
65,112,20
65,112,5
65,112,16
65,112,17
65,131,15
65,131,19
65,131,2
65,131,12
65,131,1
65,131,18
65,131,11
65,131,6
65,131,14
65,131,20
65,131,5
65,131,16
65,131,17
65,110,15
65,110,19
65,110,2
65,110,12
65,110,1
65,110,18
65,110,11
65,110,6
65,110,14
65,110,20
65,110,5
65,110,16
65,110,17
65,115,15
65,115,19
65,115,2
65,115,12
65,115,1
65,115,18
65,115,11
65,115,6
65,115,14
65,115,20
65,115,5
65,115,16
65,115,17
65,107,15
65,107,19
65,107,2
65,107,12
65,107,1
65,107,18
65,107,11
65,107,6
65,107,14
65,107,20
65,107,5
65,107,16
65,107,17
65,116,15
65,116,19
65,116,2
65,116,12
65,116,1
65,116,18
65,116,11
65,116,6
65,116,14
65,116,20
65,116,5
65,116,16
65,116,17
65,134,15
65,134,19
65,134,2
65,134,12
65,134,1
65,134,18
65,134,11
65,134,6
65,134,14
65,134,20
65,134,5
65,134,16
65,134,17
65,105,15
65,105,19
65,105,2
65,105,12
65,105,1
65,105,18
65,105,11
65,105,6
65,105,14
65,105,20
65,105,5
65,105,16
65,105,17
65,108,15
65,108,19
65,108,2
65,108,12
65,108,1
65,108,18
65,108,11
65,108,6
65,108,14
65,108,20
65,108,5
65,108,16
65,108,17
66,114,19
66,114,21
66,114,15
66,114,9
66,114,18
66,114,6
66,114,1
66,114,20
66,114,12
66,114,4
66,134,19
66,134,21
66,134,15
66,134,9
66,134,18
66,134,6
66,134,1
66,134,20
66,134,12
66,134,4
66,135,19
66,135,21
66,135,15
66,135,9
66,135,18
66,135,6
66,135,1
66,135,20
66,135,12
66,135,4
66,101,19
66,101,21
66,101,15
66,101,9
66,101,18
66,101,6
66,101,1
66,101,20
66,101,12
66,101,4
66,132,19
66,132,21
66,132,15
66,132,9
66,132,18
66,132,6
66,132,1
66,132,20
66,132,12
66,132,4
66,110,19
66,110,21
66,110,15
66,110,9
66,110,18
66,110,6
66,110,1
66,110,20
66,110,12
66,110,4
66,117,19
66,117,21
66,117,15
66,117,9
66,117,18
66,117,6
66,117,1
66,117,20
66,117,12
66,117,4
66,105,19
66,105,21
66,105,15
66,105,9
66,105,18
66,105,6
66,105,1
66,105,20
66,105,12
66,105,4
66,102,19
66,102,21
66,102,15
66,102,9
66,102,18
66,102,6
66,102,1
66,102,20
66,102,12
66,102,4
66,100,19
66,100,21
66,100,15
66,100,9
66,100,18
66,100,6
66,100,1
66,100,20
66,100,12
66,100,4
66,109,19
66,109,21
66,109,15
66,109,9
66,109,18
66,109,6
66,109,1
66,109,20
66,109,12
66,109,4
67,103,2
67,103,7
67,103,3
67,103,1
67,103,9
67,103,15
67,103,20
67,103,24
67,100,2
67,100,7
67,100,3
67,100,1
67,100,9
67,100,15
67,100,20
67,100,24
67,102,2
67,102,7
67,102,3
67,102,1
67,102,9
67,102,15
67,102,20
67,102,24
67,130,2
67,130,7
67,130,3
67,130,1
67,130,9
67,130,15
67,130,20
67,130,24
67,114,2
67,114,7
67,114,3
67,114,1
67,114,9
67,114,15
67,114,20
67,114,24
67,104,2
67,104,7
67,104,3
67,104,1
67,104,9
67,104,15
67,104,20
67,104,24
68,7,13
68,7,22
68,7,11
68,7,8
68,7,15
68,7,12
68,7,5
68,7,24
68,7,18
68,7,23
68,7,4
68,7,7
68,50,13
68,50,22
68,50,11
68,50,8
68,50,15
68,50,12
68,50,5
68,50,24
68,50,18
68,50,23
68,50,4
68,50,7
68,49,13
68,49,22
68,49,11
68,49,8
68,49,15
68,49,12
68,49,5
68,49,24
68,49,18
68,49,23
68,49,4
68,49,7
68,5,13
68,5,22
68,5,11
68,5,8
68,5,15
68,5,12
68,5,5
68,5,24
68,5,18
68,5,23
68,5,4
68,5,7
68,19,13
68,19,22
68,19,11
68,19,8
68,19,15
68,19,12
68,19,5
68,19,24
68,19,18
68,19,23
68,19,4
68,19,7
68,14,13
68,14,22
68,14,11
68,14,8
68,14,15
68,14,12
68,14,5
68,14,24
68,14,18
68,14,23
68,14,4
68,14,7
68,9,13
68,9,22
68,9,11
68,9,8
68,9,15
68,9,12
68,9,5
68,9,24
68,9,18
68,9,23
68,9,4
68,9,7
69,7,12
69,7,2
69,7,21
69,7,19
69,7,14
69,7,16
69,7,15
69,7,17
69,53,12
69,53,2
69,53,21
69,53,19
69,53,14
69,53,16
69,53,15
69,53,17
69,11,12
69,11,2
69,11,21
69,11,19
69,11,14
69,11,16
69,11,15
69,11,17
69,3,12
69,3,2
69,3,21
69,3,19
69,3,14
69,3,16
69,3,15
69,3,17
69,5,12
69,5,2
69,5,21
69,5,19
69,5,14
69,5,16
69,5,15
69,5,17
69,16,12
69,16,2
69,16,21
69,16,19
69,16,14
69,16,16
69,16,15
69,16,17
69,12,12
69,12,2
69,12,21
69,12,19
69,12,14
69,12,16
69,12,15
69,12,17
69,46,12
69,46,2
69,46,21
69,46,19
69,46,14
69,46,16
69,46,15
69,46,17
69,49,12
69,49,2
69,49,21
69,49,19
69,49,14
69,49,16
69,49,15
69,49,17
69,50,12
69,50,2
69,50,21
69,50,19
69,50,14
69,50,16
69,50,15
69,50,17
69,8,12
69,8,2
69,8,21
69,8,19
69,8,14
69,8,16
69,8,15
69,8,17
69,9,12
69,9,2
69,9,21
69,9,19
69,9,14
69,9,16
69,9,15
69,9,17
69,4,12
69,4,2
69,4,21
69,4,19
69,4,14
69,4,16
69,4,15
69,4,17
69,51,12
69,51,2
69,51,21
69,51,19
69,51,14
69,51,16
69,51,15
69,51,17
69,44,12
69,44,2
69,44,21
69,44,19
69,44,14
69,44,16
69,44,15
69,44,17
70,111,24
70,111,16
70,111,9
70,111,15
70,111,22
70,111,2
70,111,11
70,111,21
70,111,10
70,98,24
70,98,16
70,98,9
70,98,15
70,98,22
70,98,2
70,98,11
70,98,21
70,98,10
70,99,24
70,99,16
70,99,9
70,99,15
70,99,22
70,99,2
70,99,11
70,99,21
70,99,10
70,101,24
70,101,16
70,101,9
70,101,15
70,101,22
70,101,2
70,101,11
70,101,21
70,101,10
70,110,24
70,110,16
70,110,9
70,110,15
70,110,22
70,110,2
70,110,11
70,110,21
70,110,10
70,184,24
70,184,16
70,184,9
70,184,15
70,184,22
70,184,2
70,184,11
70,184,21
70,184,10
70,186,24
70,186,16
70,186,9
70,186,15
70,186,22
70,186,2
70,186,11
70,186,21
70,186,10
71,185,11
71,185,1
71,185,22
71,185,6
71,185,8
71,185,5
71,185,2
71,185,21
71,185,17
71,185,4
71,185,12
71,71,11
71,71,1
71,71,22
71,71,6
71,71,8
71,71,5
71,71,2
71,71,21
71,71,17
71,71,4
71,71,12
71,106,11
71,106,1
71,106,22
71,106,6
71,106,8
71,106,5
71,106,2
71,106,21
71,106,17
71,106,4
71,106,12
71,183,11
71,183,1
71,183,22
71,183,6
71,183,8
71,183,5
71,183,2
71,183,21
71,183,17
71,183,4
71,183,12
71,129,11
71,129,1
71,129,22
71,129,6
71,129,8
71,129,5
71,129,2
71,129,21
71,129,17
71,129,4
71,129,12
71,188,11
71,188,1
71,188,22
71,188,6
71,188,8
71,188,5
71,188,2
71,188,21
71,188,17
71,188,4
71,188,12
71,103,11
71,103,1
71,103,22
71,103,6
71,103,8
71,103,5
71,103,2
71,103,21
71,103,17
71,103,4
71,103,12
71,187,11
71,187,1
71,187,22
71,187,6
71,187,8
71,187,5
71,187,2
71,187,21
71,187,17
71,187,4
71,187,12
72,98,12
72,98,20
72,98,9
72,98,19
72,98,24
72,98,8
72,98,3
72,98,4
72,98,6
72,83,12
72,83,20
72,83,9
72,83,19
72,83,24
72,83,8
72,83,3
72,83,4
72,83,6
72,129,12
72,129,20
72,129,9
72,129,19
72,129,24
72,129,8
72,129,3
72,129,4
72,129,6
72,187,12
72,187,20
72,187,9
72,187,19
72,187,24
72,187,8
72,187,3
72,187,4
72,187,6
72,97,12
72,97,20
72,97,9
72,97,19
72,97,24
72,97,8
72,97,3
72,97,4
72,97,6
